,id,lat,lon,closeness_centrality,average_neighbor_degree,degree_centrality,pagerank,hits,degree
0,VHHH,22.308901,113.915001,0.18875460967698937,13.096774193548388,0.08309859154929577,0.009160521973152142,0.002159036387567824,59
1,YSSY,-33.94609832763672,151.177001953125,0.19096344021576267,13.0,0.029577464788732397,0.002828784176275003,0.0006861191577738944,21
2,KSDF,38.1744,-85.736,0.23282183372609197,22.72093023255814,0.22816901408450704,0.01147214569864167,0.019975973546301314,162
3,OTHH,25.273056,51.608056,0.1987880773010154,28.5,0.03802816901408451,0.004387166661573435,0.001962283831111211,27
4,RPLL,14.5086,121.019997,0.1604161159989427,12.555555555555555,0.02112676056338028,0.0020042317450297067,0.0005629210248465891,15
5,CYYZ,43.6772003174,-79.63059997559999,0.21705638912069758,40.75,0.06760563380281691,0.004698736827860071,0.007000544168744319,48
6,KONT,34.05599975585937,-117.60099792480469,0.167293228148012,35.34285714285714,0.056338028169014086,0.0012931454453741355,0.010741294333952156,40
7,EDDF,50.033333,8.570556,0.20872748116606615,20.166666666666668,0.08450704225352113,0.012758098956499866,0.003921427181580653,60
8,RKSI,37.46910095214844,126.45099639892578,0.2139518877268378,14.26086956521739,0.0647887323943662,0.006465570337062191,0.0017013183164762628,46
9,KOAK,37.721298,-122.221001,0.20306067172264355,33.71875,0.07887323943661972,0.0033177177648509777,0.010207796270196265,56
10,KCVG,39.0488014221,-84.6678009033,0.21758258642765685,32.958333333333336,0.11830985915492959,0.005264794819196109,0.014883926000003132,84
11,EDDM,48.353802,11.7861,0.16244853737811485,18.75,0.014084507042253521,0.0029772257911209127,0.0002744411788699125,10
12,YMML,-37.673302,144.843002,0.14958802816901406,10.833333333333334,0.016901408450704227,0.002771573086763584,0.00017205072007545985,12
13,OMDB,25.252799987800003,55.3643989563,0.191574849309303,11.529411764705882,0.04647887323943662,0.005996744095431166,0.0006162997683396219,33
14,EHAM,52.308601,4.76389,0.20609142801701136,17.0,0.06619718309859156,0.007889698497134934,0.002764206597680385,47
15,EDDP,51.423889,12.236389,0.18429736530063337,22.555555555555557,0.026760563380281693,0.003030486019155374,0.0010483606581640104,19
16,EHBK,50.911701,5.7701400000000005,0.18186994306263113,8.5,0.005633802816901409,0.0009311284390100576,5.965592169190651e-05,4
17,VTBS,13.681099891662598,100.74700164794922,0.1595605633802817,12.75,0.02112676056338028,0.0022045931522437718,0.00038328466170670116,15
18,OETH,25.21299934387207,46.64099884033203,0.12172129201371411,0.0,0.0014084507042253522,0.0007773550791331816,0.0,1
19,KLAX,33.94250107,-118.4079971,0.2475939776590578,29.703125,0.16901408450704225,0.011748049501587109,0.017891057044079114,120
20,LFPG,49.012798,2.55,0.20101414759553965,22.0,0.04366197183098592,0.005410060012057915,0.0015644777941669615,31
21,KIAD,38.94449997,-77.45580292,0.2266485275288092,26.8,0.13239436619718312,0.007668892658642127,0.012072876569162764,94
22,KSFO,37.61899948120117,-122.375,0.2343415584893171,34.91111111111111,0.12253521126760564,0.008154775147371215,0.01395272751396398,87
23,RCTP,25.0777,121.233002,0.18131882202304736,16.23076923076923,0.033802816901408454,0.0031764701090919566,0.0009918585033203348,24
24,KSEA,47.449001,-122.308998,0.22693506169761934,28.948275862068964,0.15492957746478875,0.009750152305093563,0.015711566938117653,110
25,UUEE,55.972599,37.4146,0.16142592967879218,9.88888888888889,0.022535211267605635,0.003372793625959997,0.00032029739863639564,16
26,ETAR,49.4369010925293,7.600279808044434,0.0018779342723004694,40.5,0.004225352112676057,0.0010835163461330943,0.0005472757805674164,3
27,KORD,41.9786,-87.9048,0.2691238887598454,19.549180327868854,0.31408450704225355,0.01963540305003136,0.02445082050109462,223
28,SAEZ,-34.8222,-58.5358,0.15555080918788292,41.0,0.004225352112676057,0.0009575397439769434,0.00038796538359318515,3
29,KMIA,25.79319953918457,-80.29060363769531,0.22271170446999616,35.09756097560975,0.10704225352112677,0.007023683902623106,0.012428660238141449,76
30,KJFK,40.63980103,-73.77890015,0.2224357296193518,33.82857142857143,0.09436619718309859,0.006080645690443205,0.009332660961988173,67
31,WSSS,1.35019,103.994003,0.14761976464047444,11.846153846153847,0.026760563380281693,0.0025204239746847434,0.00047950620495992467,19
32,EGLL,51.4706,-0.461941,0.22188582670311113,30.22222222222222,0.07464788732394366,0.007942024423902799,0.005649820506565163,53
33,PANC,61.174400329589844,-149.99600219726562,0.20191859820339358,47.333333333333336,0.04647887323943662,0.003002639053114629,0.006226181633329625,33
34,KIAH,29.98439979553223,-95.34140014648438,0.2266485275288092,23.677966101694917,0.15774647887323945,0.007346688080876457,0.014430252166769072,112
35,UNNT,55.012599945068,82.650703430176,0.1485973789758418,9.333333333333334,0.008450704225352114,0.00146671723176973,0.00014179782650610041,6
36,KDTW,42.212398529052734,-83.35340118408203,0.2246628708420737,26.63235294117647,0.17746478873239438,0.007797175368965711,0.018232968806627788,126
37,KATL,33.6367,-84.428101,0.2521146542174395,21.462264150943398,0.26478873239436623,0.013502644917279571,0.02378792729551351,188
38,FAGM,-26.2425003052,28.151199340799998,0.1468776859693556,0.0,0.0014084507042253522,0.0008224269980400961,0.0,1
39,ZGGG,23.39240074157715,113.29900360107422,0.1413430187423755,10.777777777777779,0.016901408450704227,0.0016499279802048086,0.00040668322764832936,12
40,UUDD,55.40879821777344,37.90629959106445,0.1516094880091359,3.0,0.011267605633802818,0.004012482652340553,3.766272058942404e-06,8
41,KHHR,33.922798,-118.334999,0.19239617770934286,64.0,0.011267605633802818,0.0014513821747380892,0.0005245339426732165,8
42,RJBB,34.42729949951172,135.24400329589844,0.16744928526382172,11.857142857142858,0.022535211267605635,0.002896118816667344,0.0002858329530243406,16
43,FARA,-26.084596345100003,28.390386581399998,0.11088002214762778,0.0,0.0014084507042253522,0.0006989980837851843,0.0,1
44,LTBA,40.976898,28.8146,0.17144759675531698,51.0,0.008450704225352114,0.002219429195936818,0.0007939748503813618,6
45,KDFW,32.896801,-97.038002,0.25140845070422535,18.737704918032787,0.3098591549295775,0.016576846522611485,0.025161880283988764,220
46,RJTT,35.552299,139.779999,0.18524833209785024,25.0625,0.036619718309859155,0.004478396130399992,0.002661393734697096,26
47,LSZH,47.464699,8.54917,0.15342361863488627,18.5,0.015492957746478873,0.0025128537162491284,0.0005391276746022789,11
48,LOWW,48.110298156738004,16.569700241089002,0.15277075217261013,11.0,0.009859154929577466,0.0029979473086438817,9.314355056971188e-05,7
49,EBBR,50.9014015198,4.48443984985,0.18040767216363507,37.77777777777778,0.022535211267605635,0.0027107885983697682,0.0018588916826467153,16
50,RJTL,35.79890060424805,140.01100158691406,0.1587622480706579,0.0,0.008450704225352114,0.0022032209935726067,0.0,6
51,ENGM,60.193901062011996,11.100399971008,0.15046574501493454,8.0,0.02535211267605634,0.007134959268479802,0.00018174817704085617,18
52,OMSJ,25.32859992980957,55.5172004699707,0.13755220981058766,8.333333333333334,0.005633802816901409,0.0007942905703139907,0.00010676990293435861,4
53,WSAP,1.3604199886322021,103.91000366210938,0.16031321141770694,0.0,0.011267605633802818,0.002555516655926264,0.0,8
54,KFLL,26.072599,-80.152702,0.20848505668155273,43.724137931034484,0.07746478873239437,0.0031386848490345576,0.010771298964630572,55
55,KPHL,39.87189865112305,-75.24109649658203,0.22925368301764612,20.85542168674699,0.2126760563380282,0.010307908951088787,0.017100408934405384,151
56,KLGB,33.81769943,-118.1520004,0.16544298046342573,40.333333333333336,0.018309859154929577,0.0022052387385241034,0.002301932302363371,13
57,KEWR,40.69250106811523,-74.168701171875,0.2260776244367971,46.8,0.08450704225352113,0.00552413978057278,0.010754362669794765,60
58,KAKH,35.20259799999999,-81.149902,0.1873754006292452,40.333333333333336,0.02112676056338028,0.0019817964845497485,0.0011338815492876611,15
59,KLAS,36.08010101,-115.1520004,0.21758258642765685,36.212765957446805,0.11971830985915494,0.006100215869072689,0.01625447874073248,85
60,EDDK,50.865898132299996,7.1427397728,0.1875711951962559,26.7,0.02535211267605634,0.0026584232455331117,0.001830548315354119,18
61,LEMD,40.471926,-3.56264,0.14280480016134997,5.0,0.007042253521126761,0.0016748234608783194,5.1100507371231185e-05,5
62,KBOS,42.36429977,-71.00520325,0.22925368301764612,32.490196078431374,0.13802816901408452,0.011196724839974314,0.0147920443848481,98
63,KISM,28.289800643899998,-81.43710327149999,0.1800457711161654,50.833333333333336,0.029577464788732397,0.0012874538440363352,0.005386274330711697,21
64,EGSS,51.8849983215,0.234999999404,0.16378251259381102,32.5,0.009859154929577466,0.0013366079619825007,0.0007592714571735873,7
65,LEZG,41.66619873046875,-1.0415500402450562,0.1343605043434258,78.5,0.005633802816901409,0.0017326691478986495,0.0010135714758071849,4
66,KFTG,39.784194,-104.537639,0.1916270446457941,0.0,0.016901408450704227,0.0017980583996733209,0.0,12
67,CYVR,49.193901061999995,-123.183998108,0.1895518836354983,47.1,0.029577464788732397,0.0023483459006222594,0.0036779112130125606,21
68,CYUL,45.4706001282,-73.7407989502,0.191574849309303,41.0,0.018309859154929577,0.0018664050709685442,0.0018906162905073408,13
69,20II,39.58720016479492,-86.27559661865234,0.1805891688157112,32.0,0.0323943661971831,0.0016092578893037626,0.004377169849323282,23
70,UAAA,43.35210037231445,77.04049682617188,0.14291849825065042,3.0,0.004225352112676057,0.0014229935478158036,1.807695467227108e-05,3
71,KPDX,45.58869934,-122.5979996,0.20994810971089697,33.484848484848484,0.08732394366197184,0.004752111971473236,0.010419632971553787,62
72,KRIR,33.989700317382805,-117.41100311279295,0.2101428126383446,0.0,0.04507042253521127,0.004402623799664685,0.0,32
73,KBUR,34.200698852539055,-118.35900115966795,0.18429736530063337,40.857142857142854,0.03802816901408451,0.0022355129754846794,0.005290316264952598,27
74,VECC,22.654699325561523,88.44670104980469,0.13744688652589349,4.0,0.0028169014084507044,0.0007942905703139907,2.1267156097157078e-06,2
75,05IN,39.641998291015625,-86.50420379638672,0.1816858641728916,51.2,0.028169014084507043,0.001094075951150762,0.00674609288664922,20
76,KDEN,39.861698150635,-104.672996521,0.22052289164965222,25.453488372093023,0.18873239436619718,0.006609930414215825,0.021712258213650682,134
77,KSNA,33.67570114,-117.8679962,0.19704240812603394,44.92307692307692,0.03802816901408451,0.0023358674461615154,0.005239881430233654,27
78,KSAN,32.7336006165,-117.190002441,0.20970284322758984,33.61538461538461,0.0971830985915493,0.005283418248129524,0.012960649828286836,69
79,KSWF,41.504101,-74.10479699999998,0.17861257094807653,44.0,0.008450704225352114,0.0009101826238796533,0.0011250123930400479,6
80,KBFI,47.52999877929688,-122.302001953125,0.16303872280001536,28.8,0.014084507042253521,0.0010002959853201844,0.0016349817551682706,10
81,KCLT,35.2140007019043,-80.94309997558594,0.20680372557928214,18.595959595959595,0.18591549295774648,0.00564082098809062,0.019856756499837664,132
82,KBNA,36.1245002746582,-86.6781997680664,0.20945814912814106,35.94871794871795,0.09295774647887324,0.00328903011902029,0.01373583212035607,66
83,KPHX,33.43429946899414,-112.01200103759766,0.22410191485994618,24.960526315789473,0.18873239436619718,0.008322775114276515,0.020354650303043623,134
84,EIDW,53.421299,-6.27007,0.18467657798643716,61.4,0.014084507042253521,0.0019519616484828708,0.0019157815737750816,10
85,OH77,39.5531005859375,-83.85489654541016,0.1605984662422936,0.0,0.0014084507042253522,0.0006972660574557791,0.0,1
86,KFAT,36.77619934082031,-119.71800231933594,0.1826100038685828,49.44444444444444,0.022535211267605635,0.0013428746403375868,0.00395980848602987,16
87,KOMA,41.3032,-95.894096,0.20191859820339358,51.88235294117647,0.04647887323943662,0.002197670538961489,0.007332390662851853,33
88,KDCA,38.8521,-77.037697,0.21318958883945002,33.44444444444444,0.11549295774647889,0.005006075770561043,0.01422719937687482,82
89,YBBN,-27.38419914245605,153.11700439453125,0.14570262483994878,27.0,0.01267605633802817,0.0014071505036997436,0.0006905974512298462,9
90,KMCF,27.84930038,-82.52120209,0.0,52.5,0.022535211267605635,0.0005431782573185349,0.007040688104979639,16
91,84OH,39.581199645996094,-83.6510009765625,0.1886928640449767,0.0,0.014084507042253521,0.0026805998932651095,0.0,10
92,EDFH,49.9487,7.263889999999999,0.17564152035500677,4.5,0.004225352112676057,0.0006800161260146018,1.952252845709244e-05,3
93,KMKE,42.94720077514648,-87.89659881591797,0.19834876663294684,41.96296296296296,0.0647887323943662,0.0025186622793889005,0.010439944877734288,46
94,ZUCK,29.719200134277344,106.64199829101562,0.16823175774122837,0.0,0.004225352112676057,0.0012140122015548607,0.0,3
95,KSFF,47.682800292969,-117.32299804688,0.16395338424735517,0.0,0.005633802816901409,0.0009185057553958509,0.0,4
96,KMDW,41.785999,-87.752403,0.20994810971089697,25.761904761904763,0.11690140845070424,0.005065294826808788,0.012545220916901608,83
97,KMSP,44.882,-93.221802,0.21523457290505624,29.65573770491803,0.13943661971830987,0.0059225799667745336,0.01765211113438876,99
98,KU42,40.61949921,-111.9929962,0.20728133233581628,27.5,0.056338028169014086,0.004237642565030825,0.0028811512491706158,40
99,KABQ,35.040199,-106.609001,0.1987880773010154,43.611111111111114,0.04788732394366198,0.0023935582488941215,0.007081319311465568,34
100,SKBO,4.70159,-74.1469,0.1636332122177,35.75,0.008450704225352114,0.0008365188208173948,0.0012234730514882764,6
101,EBLG,50.63740158081055,5.443220138549805,0.1604161159989427,13.0,0.01267605633802817,0.0021571437307483054,0.00014919940803521817,9
102,OBBI,26.27079963684082,50.63359832763672,0.14303237753212503,24.0,0.005633802816901409,0.0011288475854603058,9.301265234291513e-05,4
103,88PA,40.539199829100006,-80.4131011963,0.0,59.166666666666664,0.008450704225352114,0.0005431782573185349,0.0027506092559702934,6
104,KBWI,39.1754,-76.668297,0.21523457290505624,24.14,0.13661971830985917,0.007127602433813731,0.012793959111404775,97
105,VIDP,28.5665,77.103104,0.13755220981058766,10.25,0.008450704225352114,0.001469443131905673,9.851701958369645e-05,6
106,SC08,35.050096999999994,-81.137299,0.20800189316664763,28.0,0.05915492957746479,0.005435254441256295,0.0011640375079834773,42
107,KDAL,32.847099,-96.851799,0.1955399061032864,36.888888888888886,0.07183098591549296,0.002892669619447991,0.009601767693569139,51
108,KSMF,38.69540023803711,-121.59100341796876,0.2039836747759283,30.6,0.054929577464788736,0.0030623943339424527,0.007010549513559085,39
109,KTVL,38.89390182495117,-119.99500274658205,0.16838869035106158,0.0,0.0014084507042253522,0.0006587184391782462,0.0,1
110,SBKP,-23.0074005127,-47.1344985962,0.1679192084217183,21.5,0.008450704225352114,0.0014443938094243854,0.00038834754113418237,6
111,MROC,9.993860244750977,-84.20880126953125,0.1544798913965722,41.0,0.0028169014084507044,0.0006888255187500674,0.00038796538359318515,2
112,KPNS,30.4734,-87.1866,0.17393956763838847,80.66666666666667,0.014084507042253521,0.0009001476367207274,0.0030827646693389913,10
113,KSAT,29.533700942993164,-98.46980285644531,0.19427016645326503,41.421052631578945,0.05211267605633803,0.002538273082277148,0.006749283724423124,37
114,KRFD,42.19540023803711,-89.09719848632812,0.18620916369586815,36.48,0.05774647887323944,0.0023479003525474816,0.008579104704412858,41
115,ZGSZ,22.639299392700195,113.81099700927734,0.15636379251116456,8.5,0.011267605633802818,0.001690033351814067,0.00017618089991418127,8
116,KRSW,26.53619956970215,-81.75520324707031,0.20585508463625793,50.73684210526316,0.05070422535211268,0.0024624044228479624,0.007693181316913466,36
117,KBUF,42.94049835,-78.73220062,0.1934327950461389,50.72727272727273,0.029577464788732397,0.0017491669330812188,0.004589007222603295,21
118,FL35,28.17499923706055,-82.48777770996094,0.1891524065361611,53.0,0.02112676056338028,0.0017781483233355367,0.0008215596370882389,15
119,KABE,40.652099609375,-75.44080352783203,0.18620916369586815,50.75,0.01971830985915493,0.001094125539390532,0.002621473261352928,14
120,KAFW,32.9875984192,-97.3188018799,0.18835848247934617,38.0,0.029577464788732397,0.0013462184801116253,0.005053462347392944,21
121,KHOU,29.64539909,-95.27890015,0.1976934292982565,32.241379310344826,0.07464788732394366,0.0030378918528546,0.009646794358929294,53
122,7PS7,40.53870010375977,-80.11730194091797,0.19041421524930172,0.0,0.02112676056338028,0.0019877708857752286,8.795193530269906e-39,15
123,KCLE,41.411701202399996,-81.8498001099,0.18995305164319248,49.21052631578947,0.03943661971830986,0.0014200740328350948,0.00841195962574873,28
124,1AL8,33.611099243164055,-86.47440338134766,0.15820567577242597,0.0,0.0014084507042253522,0.0006487797708940193,0.0,1
125,KMSN,43.13990020751953,-89.3375015258789,0.19055799766753387,52.45454545454545,0.028169014084507043,0.0014572375579474282,0.004881224742892735,20
126,KTPA,27.975500106811523,-82.533203125,0.199894915147903,52.53846153846154,0.04084507042253521,0.002303407133043779,0.005855043087003837,29
127,KLGA,40.77719879,-73.87259674,0.19448064333999662,45.11764705882353,0.04225352112676056,0.0017876068077512463,0.00637731546448254,30
128,CYYC,51.113899231000005,-114.019996643,0.17737710850080723,27.181818181818183,0.026760563380281693,0.0025350147907324716,0.0022504654732771255,19
129,FL57,28.618900299072266,-81.50869750976562,0.19306168562175188,0.0,0.009859154929577466,0.0013668010664971224,0.0,7
130,KSTL,38.748697,-90.370003,0.21653273076334972,34.340425531914896,0.11971830985915494,0.005122705250582838,0.01611416422337927,85
131,SBGR,-23.435556411743164,-46.47305679321289,0.16651728553137005,24.333333333333332,0.007042253521126761,0.0009486660548771886,0.0006334091024898885,5
132,FL59,26.643400192260746,-81.71040344238281,0.1715899962512719,0.0,0.004225352112676057,0.0007926312700247795,0.0,3
133,KTYS,35.81100082,-83.99400329999997,0.1955399061032864,78.9,0.026760563380281693,0.0015247112115577936,0.005594437546395424,19
134,KAUS,30.194499969482425,-97.6698989868164,0.1784350236608518,45.76470588235294,0.056338028169014086,0.00115623295219208,0.014217712581935379,40
135,34CO,39.716400146484375,-104.73200225830078,0.19581719008766732,0.0,0.02394366197183099,0.0028773414012531365,0.0,17
136,KSCK,37.894199371338,-121.2379989624,0.13609221668143812,53.5,0.004225352112676057,0.0006230373440865663,0.0009376576050517683,3
137,0TS2,32.948699951171875,-97.3289031982422,0.17559598838165177,0.0,0.008450704225352114,0.001107412862368105,0.0,6
138,ELLX,49.6233333,6.204444400000002,0.12623462292743803,16.5,0.004225352112676057,0.0011568861436348147,5.738749779757981e-05,3
139,OMDW,24.896356,55.161389,0.13786915038618808,15.5,0.007042253521126761,0.001401408084005056,5.559910998622184e-05,5
140,KSYR,43.11119842529297,-76.1063003540039,0.191574849309303,47.3,0.028169014084507043,0.0017168465358010769,0.003980723186884551,20
141,UMMS,53.882499694824,28.030700683594,0.15622770565954475,13.6,0.01267605633802817,0.002336060164887846,0.00026724338893472895,9
142,LTBW,41.1035995483,28.547700881999997,0.15169132441709077,0.0,0.004225352112676057,0.0014857552445127348,0.0,3
143,KPVD,41.732601,-71.42040300000002,0.18816104172203027,56.0,0.02535211267605634,0.0014730113958563373,0.004575854093384028,18
144,67KY,38.9833984375,-84.66609954833984,0.1747460562016825,0.0,0.005633802816901409,0.0009542615804163683,0.0,4
145,KMCI,39.2976,-94.713898,0.2092140254112085,47.0,0.08028169014084507,0.003135602250761921,0.012033074334797939,57
146,WMKK,2.745579957962,101.70999908446998,0.16423205288455342,10.125,0.022535211267605635,0.0023479429671060203,0.0001884650771668181,16
147,KROC,43.118900299072266,-77.67240142822266,0.1891524065361611,60.6,0.026760563380281693,0.0016122031622346003,0.004689549882871298,19
148,KBOI,43.5644,-116.223,0.1990084631960276,47.333333333333336,0.03943661971830986,0.0020332122551202226,0.006069679411982124,28
149,07PN,40.998889,-78.12527800000002,0.17610992785984197,0.0,0.0014084507042253522,0.0006800161260146018,0.0,1
150,RJFF,33.585899353027344,130.45100402832028,0.14582098602990812,5.4,0.014084507042253521,0.0018011165135846453,5.489530537897455e-05,10
151,KTUS,32.116100311279304,-110.94100189208984,0.18131882202304736,64.0,0.015492957746478873,0.0013758452943012684,0.0017905222751718386,11
152,KROA,37.3255,-79.975403,0.1820543953375425,82.66666666666667,0.014084507042253521,0.0009445833181981285,0.0029744646863838777,10
153,KXNA,36.281898,-94.306801,0.18995305164319248,70.42857142857143,0.016901408450704227,0.0011148776140879517,0.003574140724787622,12
154,KMHR,38.55390167,-121.2979965,0.1618626093803579,37.4,0.01267605633802817,0.0008560556241943657,0.0018309505159280059,9
155,KHPN,41.06700134277344,-73.70760345458984,0.17546982776423942,114.0,0.004225352112676057,0.0006800161260146018,0.0014213519022662228,3
156,OH43,39.83340072631836,-82.73320007324219,0.16425175255353777,0.0,0.0028169014084507044,0.000790565655939661,0.0,2
157,KSJC,37.362598,-121.929001,0.1891524065361611,38.888888888888886,0.04507042253521127,0.0022146760474902115,0.006086737382744071,32
158,KRDU,35.877601623535156,-78.7874984741211,0.20776115023474176,58.0,0.06056338028169014,0.003931076204739007,0.00937466259513188,43
159,FA40,28.28249931335449,-82.64569854736328,0.1803323437126254,0.0,0.005633802816901409,0.0008613105292928618,0.0,4
160,KBFL,35.43360138,-119.0569992,0.0,38.0,0.0028169014084507044,0.0005431782573185349,0.0008228591436893108,2
161,OI45,41.265098571777344,-81.65869903564453,0.17610992785984197,0.0,0.0014084507042253522,0.0006800161260146018,0.0,1
162,3OH9,39.55350112915039,-83.85209655761719,0.16886124981883818,0.0,0.0028169014084507044,0.0007404820207395972,0.0,2
163,KPHF,37.13190079,-76.49299622,0.1722702819604769,96.0,0.007042253521126761,0.0007570938494615286,0.0016108574876901225,5
164,RJGG,34.8583984375,136.80499267578122,0.1404582424122198,20.0,0.009859154929577466,0.001539055499971961,0.0001401469619373402,7
165,02PR,18.45330047607422,-66.36689758300781,0.1704436950340541,0.0,0.007042253521126761,0.0014586650461131563,0.0,5
166,3II9,41.0973014831543,-85.24220275878906,0.16838869035106158,0.0,0.0014084507042253522,0.0006587184391782462,0.0,1
167,KCMH,39.998001,-82.891899,0.199894915147903,51.35,0.05070422535211268,0.0022585530225052316,0.008755635281106556,36
168,KORF,36.89459991455078,-76.20120239257812,0.1955399061032864,77.77777777777777,0.028169014084507043,0.0017132099523510416,0.004890068211775592,20
169,PN62,40.375099182128906,-80.29979705810547,0.1698143707021054,0.0,0.0028169014084507044,0.000724078405392843,0.0,2
170,KAGC,40.354400634765625,-79.9301986694336,0.1776699567483642,0.0,0.007042253521126761,0.001186814285128082,0.0,5
171,K9A4,34.659401,-87.348801,0.16870343556667106,0.0,0.0014084507042253522,0.0006514923358860441,0.0,1
172,KPIT,40.49150085,-80.23290253,0.0,51.875,0.022535211267605635,0.0005431782573185349,0.006757403626639572,16
173,PS52,40.19509887695313,-78.83280181884766,0.15097193759698646,50.0,0.004225352112676057,0.0006932690318944305,0.000492337859841409,3
174,KCMI,40.03919983,-88.27809906,0.18316901408450703,122.0,0.004225352112676057,0.0007955563078743131,0.0007537021696553915,3
175,AZ19,31.73780059814453,-110.6259994506836,0.16838869035106158,0.0,0.0014084507042253522,0.0006587184391782462,0.0,1
176,36NC,36.25360107421875,-79.90809631347656,0.17610992785984197,0.0,0.0014084507042253522,0.0006800161260146018,0.0,1
177,NC16,35.222599029541016,-82.72679901123047,0.17872542183795842,0.0,0.0028169014084507044,0.0007670325177457553,0.0,2
178,0VA3,37.69879913330078,-77.09529876708984,0.15820567577242597,0.0,0.0014084507042253522,0.0006487797708940193,0.0,1
179,6AK2,61.25149917602539,-149.98199462890625,0.17529847051056338,58.0,0.004225352112676057,0.0008903447857082163,0.00047722919260500814,3
180,93OH,41.04449844360352,-81.18589782714844,0.15820567577242597,0.0,0.0014084507042253522,0.0006487797708940193,0.0,1
181,K7S5,44.867000579833984,-123.197998046875,0.0,33.0,0.0014084507042253522,0.0005431782573185349,0.000361860169604002,1
182,KECP,30.357106,-85.79541400000002,0.17210511390490596,60.2,0.014084507042253521,0.0009554644610034854,0.002604609126352743,10
183,VABB,19.088699340799998,72.8678970337,0.1494634752729533,30.0,0.005633802816901409,0.001441721463826419,7.98151712612619e-05,4
184,WT24,47.522778,-117.538055,0.0,54.0,0.0028169014084507044,0.0005431782573185349,0.0008360741655696043,2
185,KSLC,40.78839874267578,-111.97799682617188,0.1957531448231373,29.818181818181817,0.05070422535211268,0.0023009168539068854,0.0068639228738480405,36
186,PN18,42.02730178833008,-80.24369812011719,0.1779044933625539,64.33333333333333,0.007042253521126761,0.0007775219942496209,0.0013873253421050145,5
187,KHFD,41.736698150635,-72.64939880371101,0.18571262968759056,0.0,0.009859154929577466,0.0013261474171274512,0.0,7
188,02XS,30.1476993560791,-97.66280364990234,0.2121183032389401,0.0,0.035211267605633804,0.004702820623790563,0.0,25
189,KM45,38.734699249268,-119.76699829101999,0.1576529921889415,0.0,0.0028169014084507044,0.0007515151192259916,0.0,2
190,KHQU,33.52970123,-82.51650238,0.16870343556667106,0.0,0.0014084507042253522,0.0006514923358860441,0.0,1
191,KFWA,40.97850037,-85.19509888,0.17546982776423942,72.42857142857143,0.011267605633802818,0.0006800161260146018,0.0037745552370694697,8
192,YPPH,-31.94029998779297,115.96700286865234,0.11433479860052032,4.0,0.004225352112676057,0.0007079556148175963,1.674244388041222e-05,3
193,KSGF,37.24570084,-93.38860321,0.1871800143929269,87.2,0.011267605633802818,0.0009038703864418223,0.0031641871162179378,8
194,CYOW,45.3224983215332,-75.66919708251953,0.166055165405011,45.0,0.008450704225352114,0.0008152158738692211,0.0014790844348252427,6
195,CYMX,45.679501,-74.038696,0.17276769374669576,30.6,0.016901408450704227,0.0017517699626428337,0.0012212992162077352,12
196,KMDT,40.1935005188,-76.7633972168,0.19385057646092538,55.1,0.026760563380281693,0.002018575205437486,0.003511382602170382,19
197,II85,40.89619827270508,-85.04910278320312,0.16948882839520785,0.0,0.0028169014084507044,0.0008823959426454287,0.0,2
198,34IL,40.36249923706055,-90.1084976196289,0.16838869035106158,0.0,0.0014084507042253522,0.0006587184391782462,0.0,1
199,SC88,35.147301,-81.794268,0.1568311694668445,0.0,0.0028169014084507044,0.0006862320445777337,0.0,2
200,RJOA,34.4361000061,132.91900634799998,0.13547595003986182,8.0,0.004225352112676057,0.0007811419781959327,4.8915707998822114e-05,3
201,OI58,40.84170150756836,-81.43789672851562,0.16823395857808518,43.0,0.004225352112676057,0.0006514923358860441,0.0009890692515042813,3
202,KYKM,46.56819916,-120.5439987,0.11794062667727785,9.0,0.0028169014084507044,0.0006531315777306135,2.138722566299047e-05,2
203,KGEG,47.61989974975586,-117.53399658203124,0.1539499432271157,40.333333333333336,0.015492957746478873,0.0011638466591625128,0.0032292300896281383,11
204,KRYN,32.142200469970696,-111.1750030517578,0.0,10.0,0.0014084507042253522,0.0005431782573185349,0.0003499343412118468,1
205,OR38,45.077598571777344,-122.9290008544922,0.0,33.0,0.0014084507042253522,0.0005431782573185349,0.000361860169604002,1
206,KHSV,34.637199401855,-86.775100708008,0.18935193439115708,82.4,0.015492957746478873,0.0011929363730656286,0.0030897883477929915,11
207,NH60,42.96060180664063,-71.65339660644531,0.181419774930993,0.0,0.004225352112676057,0.0008987498179805933,0.0,3
208,CYYJ,48.646900177,-123.426002502,0.13121756856931058,11.0,0.0028169014084507044,0.0007391381025370471,6.797253320729505e-05,2
209,KOXR,34.200801849365,-119.20700073241998,0.0,19.5,0.0028169014084507044,0.0005431782573185349,0.0003574889923672054,2
210,KTUL,36.19839859008789,-95.88809967041016,0.1928094885100074,62.333333333333336,0.02535211267605634,0.0014373163332072384,0.004392605263880194,18
211,KSRQ,27.39539909362793,-82.55439758300781,0.191574849309303,81.2,0.016901408450704227,0.0012829390667045987,0.002915575067546803,12
212,KBLI,48.79280090332031,-122.53800201416016,0.15677347930377022,58.0,0.004225352112676057,0.0012694744932152016,0.00047722919260500814,3
213,SC40,35.057300567626946,-81.9448013305664,0.14723709303127083,0.0,0.0014084507042253522,0.0005916283983615094,0.0,1
214,KHRL,26.228500366210927,-97.65440368652344,0.0,45.333333333333336,0.004225352112676057,0.0005431782573185349,0.001229007091770013,3
215,MA97,42.125099182128906,-71.73979949951172,0.16576003310958498,0.0,0.0028169014084507044,0.0007883774276208813,0.0,2
216,OEDF,26.471200942993164,49.79790115356445,0.13882879644456061,17.0,0.0028169014084507044,0.0008427865680234515,3.807473161690764e-05,2
217,RCKH,22.57710075378418,120.3499984741211,0.0,0.0,0.0028169014084507044,0.0005431782573185349,3.6025112699985535e-35,2
218,RCWA,23.367372512817386,119.50277709960938,0.0014084507042253522,0.0,0.0014084507042253522,0.0007740818640779197,0.0,1
219,KDNN,34.72290039,-84.87020111,0.16870343556667106,0.0,0.0014084507042253522,0.0006514923358860441,0.0,1
220,3OR8,44.283199310302734,-121.2689971923828,0.0,33.0,0.0014084507042253522,0.0005431782573185349,0.000361860169604002,1
221,KVPS,30.4832,-86.525398,0.17968531912193883,71.75,0.009859154929577466,0.0008154826587887299,0.00200064108197362,7
222,KORL,28.5455,-81.332901,0.15501350069327882,68.66666666666667,0.011267605633802818,0.0012892589100140727,0.001618148262069129,8
223,CYEG,53.309700012200004,-113.580001831,0.0,7.0,0.004225352112676057,0.0005431782573185349,0.00030396149646898674,3
224,KCOS,38.805801,-104.700996,0.1869850352112676,55.57142857142857,0.015492957746478873,0.0009667957609426471,0.0032879694074179227,11
225,KNOW,48.14149856567383,-123.41400146484376,0.1565001166545919,58.0,0.0028169014084507044,0.0006861162555403561,0.00047722919260500814,2
226,CRK2,53.0778,-113.506601,0.16283248105941625,0.0,0.004225352112676057,0.0018550937421946522,0.0,3
227,UT13,40.56389999389648,-112.01399993896484,0.1807993378598283,0.0,0.014084507042253521,0.00206955127297179,0.0,10
228,KSBP,35.2368011475,-120.64199829100001,0.17529847051056338,51.333333333333336,0.014084507042253521,0.0010072689612831308,0.0025597586057541804,10
229,KPSP,33.829700469970696,-116.50700378417969,0.1651385775554893,82.25,0.008450704225352114,0.0008402040556776002,0.00228011841982224,6
230,KBKL,41.51750183105469,-81.68329620361328,0.19968216377913497,0.0,0.01971830985915493,0.001990395653774666,0.0,14
231,NZAA,-37.0080986023,174.79200744599999,0.1722702819604769,24.666666666666668,0.009859154929577466,0.0021768810198939826,0.0005264306660475082,7
232,60CO,39.96670150756836,-104.6510009765625,0.20259559602282606,0.0,0.04225352112676056,0.003548003615987737,0.0,30
233,RJOO,34.785499572753906,135.43800354003906,0.13619547329500523,6.25,0.008450704225352114,0.0010873436782122834,5.343435148082219e-05,6
234,AL72,34.6954,-86.786102,0.15941885772896705,41.0,0.0028169014084507044,0.0006566118319967568,0.00038796538359318515,2
235,KSPI,39.84410095,-89.67790222,0.16776227458207188,122.0,0.004225352112676057,0.0006587184391782462,0.0014649559065603593,3
236,RCSS,25.06940078735352,121.552001953125,0.13568075117370892,16.0,0.004225352112676057,0.0010107859476876785,4.2365977465155445e-05,3
237,MA64,42.075401306152344,-70.81529998779297,0.15494650305265067,0.0,0.0014084507042253522,0.0006908715593858623,0.0,1
238,EGNX,52.8311004639,-1.32806003094,0.17377118470747038,31.5,0.011267605633802818,0.0013085550679679129,0.0007895161790667548,8
239,GOBD,14.67,-17.073332999999998,0.14761976464047444,16.0,0.004225352112676057,0.0009044161312735898,0.00010546927378714053,3
240,VT48,44.46139907836914,-73.19599914550781,0.0,76.4,0.007042253521126761,0.0005431782573185349,0.002303459465606736,5
241,KUZA,34.9878006,-81.05719757,0.15212341847696348,106.0,0.0028169014084507044,0.0006364406869179926,0.0007100981653612549,2
242,SC36,35.124699,-82.326402,0.16545616503789,0.0,0.0028169014084507044,0.0007622133455722413,0.0,2
243,VT01,44.28260040283203,-72.93730163574219,0.16160490246762582,0.0,0.0028169014084507044,0.0007462856391290384,0.0,2
244,KDAB,29.179899,-81.058098,0.1701475201922435,76.0,0.007042253521126761,0.0006999424769290187,0.0015035576358257837,5
245,FA26,30.53720092773437,-84.45189666748047,0.16838869035106158,0.0,0.0014084507042253522,0.0006587184391782462,0.0,1
246,KBMI,40.47710037,-88.91590118,0.16776227458207188,122.0,0.0028169014084507044,0.0006587184391782462,0.0007537021696553915,2
247,KALB,42.74829864501953,-73.80169677734375,0.1766787734279694,30.5,0.005633802816901409,0.0007284662670575765,0.0005996051205251813,4
248,ULLI,59.80030059814453,30.26250076293945,0.15461294901190084,4.0,0.007042253521126761,0.0006908715593858623,1.2431216877788738e-05,5
249,01FL,28.78190040588379,-81.1592025756836,0.16652460890806092,0.0,0.004225352112676057,0.0008276432913650871,0.0,3
250,KSBA,34.42620087,-119.8399963,0.1707950844936412,32.0,0.015492957746478873,0.0009260131318387796,0.002382617954739487,11
251,9MI5,43.23780059814453,-83.52439880371094,0.15601787040305792,0.0,0.0014084507042253522,0.000640684125553554,0.0,1
252,RPUF,14.98724,120.492554,0.13906985828685517,0.0,0.0014084507042253522,0.0007836012103229916,0.0,1
253,2MO1,37.31999969482422,-93.4198989868164,0.188556338028169,122.0,0.007042253521126761,0.0009692303526564192,0.0007537021696553915,5
254,K14Y,45.89860153198242,-94.8739013671875,0.0,61.0,0.0014084507042253522,0.0005431782573185349,0.00043459598188408025,1
255,0IN1,38.5,-87.59590148925781,0.17610992785984197,0.0,0.0014084507042253522,0.0006800161260146018,0.0,1
256,MI45,42.808101654052734,-83.45189666748047,0.14723709303127083,0.0,0.0014084507042253522,0.0005916283983615094,0.0,1
257,KDAY,39.90240097045898,-84.21939849853516,0.19198463508322663,70.375,0.022535211267605635,0.0013752620471494449,0.0043369796891835725,16
258,KCWA,44.7775993347,-89.6668014526,0.17720200770268205,61.0,0.007042253521126761,0.0007625794213632741,0.0013423667534437989,5
259,IN93,41.71200180053711,-86.43280029296875,0.17610992785984197,0.0,0.0014084507042253522,0.0006800161260146018,0.0,1
260,MI58,42.754501,-85.028603,0.15601787040305792,0.0,0.0014084507042253522,0.000640684125553554,0.0,1
261,MI88,42.7322998046875,-85.9052963256836,0.15402105465557853,0.0,0.0014084507042253522,0.0006085382235331318,0.0,1
262,MN18,46.178199768066406,-94.0886001586914,0.15143680877209564,0.0,0.004225352112676057,0.0006257415526672071,0.00013484386473291618,3
263,KSGS,44.85710144,-93.03289795,0.18225154137677468,0.0,0.018309859154929577,0.0020358317000264145,0.0,13
264,6MN9,45.116600036621094,-92.99600219726562,0.1170358060678708,0.0,0.0014084507042253522,0.0008091921505590766,0.0,1
265,53XS,26.148399353027344,-97.5916976928711,0.16607734237078461,0.0,0.007042253521126761,0.0018366937985784958,0.0,5
266,KX04,28.70719909667969,-81.58170318603516,0.1722449199010859,0.0,0.004225352112676057,0.0008744952694108454,0.0,3
267,38IN,39.902000427246094,-86.36309814453125,0.17784500104072712,0.0,0.0028169014084507044,0.0007625794213632741,0.0,2
268,05II,41.02870178222656,-84.99720001220703,0.13758588114050155,0.0,0.0014084507042253522,0.0006570456971520248,0.0,1
269,NZCH,-43.48939895629883,172.53199768066406,0.12840174091760864,3.0,0.0028169014084507044,0.0011600598873537072,2.0425791447879305e-05,2
270,RJOM,33.82720184326172,132.69999694824222,0.13603065264230446,0.0,0.0014084507042253522,0.0007811419781959327,0.0,1
271,KSEZ,34.848598480225,-111.78800201416,0.1551474795184243,76.0,0.0028169014084507044,0.0006363056502556628,0.0005578289303637377,2
272,KXSA,37.85960006713867,-76.89409637451172,0.15820567577242597,0.0,0.0014084507042253522,0.0006487797708940193,0.0,1
273,23NY,42.27980041503906,-77.33999633789062,0.15601787040305792,0.0,0.0014084507042253522,0.000640684125553554,0.0,1
274,KPLR,33.558799743652,-86.24909973144501,0.17077831225765186,0.0,0.0028169014084507044,0.0006999424769290187,0.0,2
275,KINT,36.13370132446289,-80.22200012207031,0.18679046181354517,21.0,0.007042253521126761,0.0013707970960713045,0.00031635794597920086,5
276,93WA,47.4478988647461,-117.80599975585938,0.1488150668230322,0.0,0.0014084507042253522,0.0006656308800836163,0.0,1
277,KLAN,42.77870178222656,-84.58740234375,0.0,122.0,0.0014084507042253522,0.0005431782573185349,0.0007112537369049679,1
278,36II,39.84120178222656,-86.34860229492188,0.16485175895555984,0.0,0.004225352112676057,0.0008313279222571985,0.0,3
279,KFNT,42.96540069580078,-83.74359893798828,0.17546982776423942,77.0,0.005633802816901409,0.0006800161260146018,0.001801214183382046,4
280,KLNK,40.85100173950195,-96.75920104980469,0.15663667871100953,61.0,0.004225352112676057,0.000691101518881804,0.00043459598188408025,3
281,24FL,30.489999771118164,-87.08580017089844,0.17045578475574885,0.0,0.004225352112676057,0.0009288130943628381,0.0,3
282,KPIE,27.91020012,-82.68740082,0.0,52.0,0.008450704225352114,0.0005431782573185349,0.0024981652303843567,6
283,KSTS,38.50899887,-122.8130035,0.1751274476125043,75.0,0.008450704225352114,0.0009557442375373115,0.001679019391491451,6
284,KART,43.99190139770508,-76.02169799804688,0.15820567577242597,0.0,0.0014084507042253522,0.0006487797708940193,0.0,1
285,LRBS,44.50320053100586,26.10210037231445,0.0,50.0,0.0014084507042253522,0.0005431782573185349,0.00041571223686646497,1
286,KGRB,44.48509979248047,-88.12960052490234,0.1787904719151563,61.0,0.008450704225352114,0.0008600852895982931,0.001202898129332827,6
287,K8C4,41.76340103149414,-91.15290069580078,0.17784500104072712,0.0,0.004225352112676057,0.0008576181968914812,0.0,3
288,KMCE,37.28469849,-120.5139999,0.167293228148012,42.0,0.005633802816901409,0.0008294530848796376,0.0007895262394464098,4
289,80TX,25.926700592041016,-97.40859985351562,0.15636379251116456,60.333333333333336,0.005633802816901409,0.0006490577441722722,0.0012898434486178151,4
290,IS15,42.03250122070313,-88.90260314941406,0.14058619630555919,0.0,0.0014084507042253522,0.0007148306387333199,0.0,1
291,K0A7,35.30759811401367,-82.43319702148438,0.14723709303127083,0.0,0.0014084507042253522,0.0005916283983615094,0.0,1
292,RJTK,35.39830017089844,139.91000366210938,0.1131813580093423,18.25,0.008450704225352114,0.0010804817650279623,0.0004909850480809616,6
293,K4B8,41.69039916992188,-72.86479949951172,0.15820567577242597,0.0,0.0014084507042253522,0.0006487797708940193,0.0,1
294,KATW,44.258098602299995,-88.51909637450001,0.18022653996266758,44.2,0.014084507042253521,0.0010753010292679954,0.0016562530648205815,10
295,KCCB,34.1115989685,-117.68800354,0.0014084507042253522,0.0,0.0014084507042253522,0.0007740818640779197,0.0,1
296,KEYE,39.830699920654,-86.294403076172,0.1776699567483642,0.0,0.009859154929577466,0.001207066947628216,0.0,7
297,7MN4,46.31940078735352,-93.83080291748048,0.15143680877209564,0.0,0.0014084507042253522,0.0006257415526672071,0.0,1
298,CJL5,49.8525009155,-96.9736022949,0.15233137219944137,0.0,0.0014084507042253522,0.0007096143602937367,0.0,1
299,71KY,39.0348014832,-84.87270355220001,0.16380460622172233,0.0,0.004225352112676057,0.0007967030324572884,0.0,3
300,CO12,39.983001709,-104.705001831,0.19971029679169106,0.0,0.03802816901408451,0.004929513676893946,0.0,27
301,54AZ,32.60089874267578,-114.66600036621094,0.16838869035106158,0.0,0.0014084507042253522,0.0006587184391782462,0.0,1
302,KGYR,33.4225006104,-112.375999451,0.13391148075395998,0.0,0.0014084507042253522,0.000835659664284512,0.0,1
303,FL17,30.51959991455078,-86.43830108642578,0.15696754439681568,0.0,0.0014084507042253522,0.0006490577441722722,0.0,1
304,8KY6,38.93552800000001,-84.568278,0.14058619630555919,0.0,0.0014084507042253522,0.0007148306387333199,0.0,1
305,VA45,38.12789916992188,-78.1635971069336,0.15820567577242597,0.0,0.0014084507042253522,0.0006487797708940193,0.0,1
306,K7L8,39.75,-86.013900756836,0.17424003480341507,0.0,0.007042253521126761,0.001190539440594517,0.0,5
307,1CO3,40.7041015625,-104.7979965209961,0.0,0.0,0.0014084507042253522,0.0005431782573185349,0.0002179540480756575,1
308,KMFE,26.17580032,-98.23860168,0.17825782899981815,89.0,0.008450704225352114,0.0008780315007102052,0.0019380005724906793,6
309,KMCO,28.429399490356445,-81.30899810791016,0.17030895047705588,50.111111111111114,0.015492957746478873,0.0006999424769290187,0.004257973505698287,11
310,KAFN,42.80509948730001,-72.0029983521,0.15820567577242597,0.0,0.0014084507042253522,0.0006487797708940193,0.0,1
311,SC32,34.65039825439453,-82.50350189208984,0.16870343556667106,0.0,0.0014084507042253522,0.0006514923358860441,0.0,1
312,KPUB,38.289100646972656,-104.49700164794922,0.15342361863488627,43.0,0.004225352112676057,0.0006085382235331318,0.0005210119979872229,3
313,2IL3,41.5158996582,-90.3796005249,0.17304340820902536,0.0,0.004225352112676057,0.0012180315209320345,0.0,3
314,SKMA,4.7278,-74.2754,0.15507961860510142,0.0,0.0014084507042253522,0.0006888255187500674,0.0,1
315,0II9,39.53419876098633,-86.57720184326172,0.17890255307863034,0.0,0.008450704225352114,0.0012014209899519354,0.0,6
316,PS73,41.06340026855469,-77.43360137939453,0.15820567577242597,0.0,0.0014084507042253522,0.0006487797708940193,0.0,1
317,KMIO,36.909199,-94.887497,0.16838869035106158,0.0,0.0014084507042253522,0.0006587184391782462,0.0,1
318,6PA6,41.35010147094727,-75.48300170898438,0.15820567577242597,0.0,0.0014084507042253522,0.0006487797708940193,0.0,1
319,MI31,42.10150146484375,-85.83789825439453,0.17610992785984197,0.0,0.0014084507042253522,0.0006800161260146018,0.0,1
320,2IN9,39.56669998168945,-86.11810302734375,0.16870343556667106,0.0,0.0014084507042253522,0.0006514923358860441,0.0,1
321,IS40,42.094398498535156,-89.0271987915039,0.1770951563036757,0.0,0.008450704225352114,0.0016947531818622703,0.0,6
322,0NC7,36.357200622558594,-79.99749755859375,0.13431002682763246,0.0,0.0014084507042253522,0.0006770348594618672,0.0,1
323,KPRC,34.654499,-112.419998,0.15421446202991143,86.0,0.004225352112676057,0.0006974743860727706,0.0005204992905720599,3
324,KGSO,36.097801208496094,-79.93730163574219,0.17360312746887513,69.0,0.014084507042253521,0.0008875072288896217,0.0029838082999963872,10
325,6IN6,39.54890060424805,-86.47669982910156,0.16917776575101973,0.0,0.0028169014084507044,0.0007468840212295873,0.0,2
326,XS39,29.53630065917969,-95.26409912109376,0.17142704278854515,0.0,0.008450704225352114,0.0010485976404864888,4.5025973621875806e-05,6
327,VCBI,7.180759906768799,79.88410186767578,0.13969310023565518,15.0,0.005633802816901409,0.0010075639255225127,4.2162692656184905e-05,4
328,NTAA,-17.553698999999998,-149.60699499999996,0.0,0.0,0.0014084507042253522,0.0005431782573185349,0.00010578340694960704,1
329,KSBD,34.0954017639,-117.23500061,0.0,104.0,0.0028169014084507044,0.0005431782573185349,0.0014031285777351252,2
330,KDEC,39.83459854125977,-88.8656997680664,0.18113585651141967,61.0,0.005633802816901409,0.0007934497006928237,0.0007119543431723066,4
331,KHFY,39.628399,-86.087898,0.1706168960834953,0.0,0.007042253521126761,0.0012121286448429545,0.0,5
332,4IL3,42.142799377441406,-89.22840118408203,0.17542534116262198,0.0,0.01267605633802817,0.001502080067396726,0.0,9
333,K82J,30.398799896240234,-87.34860229492188,0.16838869035106158,0.0,0.0014084507042253522,0.0006587184391782462,0.0,1
334,KTYR,32.35409927368164,-95.40239715576172,0.16776227458207188,122.0,0.0028169014084507044,0.0006587184391782462,0.0007537021696553915,2
335,KSAF,35.617099761999995,-106.08899688700001,0.1547506694043202,0.0,0.004225352112676057,0.0011642338712478033,0.0002650302133255732,3
336,RJAA,35.764701843299996,140.386001587,0.14225904013422225,0.0,0.007042253521126761,0.002046330925870448,0.0,5
337,16PA,40.18059921264648,-80.12760162353516,0.14723709303127083,0.0,0.0014084507042253522,0.0005916283983615094,0.0,1
338,8IN9,39.68560028,-86.60220337,0.15402105465557853,0.0,0.0014084507042253522,0.0006085382235331318,0.0,1
339,EFHK,60.317199707031,24.963300704956,0.16468406770900632,9.166666666666666,0.0323943661971831,0.006473636757983781,0.0004206008104466715,23
340,5II1,39.782798767089844,-86.61750030517578,0.15143680877209564,0.0,0.0014084507042253522,0.0006257415526672071,0.0,1
341,II25,39.33729934692383,-86.77970123291016,0.18196842344388914,0.0,0.005633802816901409,0.0009796307567026723,0.0,4
342,II09,39.57369995117188,-86.61810302734375,0.15468095634647647,0.0,0.0028169014084507044,0.0007131716498072518,0.0,2
343,LHBP,47.42976,19.261093,0.13790120401553707,0.0,0.0014084507042253522,0.0007942905703139907,0.0,1
344,KPTB,37.183799743652,-77.507400512695,0.14723709303127083,0.0,0.0014084507042253522,0.0005916283983615094,0.0,1
345,CYHM,43.173599243199995,-79.93499755859999,0.1651385775554893,24.833333333333332,0.014084507042253521,0.0011454932078321409,0.0012101020646855328,10
346,IN01,39.4861111,-86.1486111,0.14771904750927828,0.0,0.0014084507042253522,0.0007023671076179204,0.0,1
347,3AL6,33.490100860595696,-86.4124984741211,0.14723709303127083,0.0,0.0014084507042253522,0.0005916283983615094,0.0,1
348,IN64,39.5609016418457,-86.2040023803711,0.16823395857808518,83.0,0.0028169014084507044,0.0006514923358860441,0.0006092069703884581,2
349,KARM,29.25429916380001,-96.15440368649999,0.15696754439681568,0.0,0.0014084507042253522,0.0006490577441722722,0.0,1
350,17NC,34.46630096435547,-78.32859802246094,0.14723709303127083,0.0,0.0014084507042253522,0.0005916283983615094,0.0,1
351,6NC3,35.08639907836914,-78.77220153808594,0.14723709303127083,0.0,0.0014084507042253522,0.0005916283983615094,0.0,1
352,27MT,48.3218994140625,-114.3270034790039,0.14157856945595138,0.0,0.0014084507042253522,0.0006321144198581736,0.0,1
353,YMHB,-42.836101532,147.50999450700002,0.11536351786813424,6.0,0.0028169014084507044,0.0009356905811049069,3.764756198480553e-06,2
354,3PN3,41.28369903564453,-76.03520202636719,0.14723709303127083,0.0,0.0014084507042253522,0.0005916283983615094,0.0,1
355,NC06,36.160400390625,-81.89679718017578,0.14723709303127083,0.0,0.0014084507042253522,0.0005916283983615094,0.0,1
356,RJOI,34.143902000000004,132.23599199999998,0.13547595003986182,16.0,0.0028169014084507044,0.0007811419781959327,4.2365977465155445e-05,2
357,14MI,42.85089874267578,-85.56700134277344,0.17546982776423942,38.333333333333336,0.009859154929577466,0.0006800161260146018,0.0017372198434890938,7
358,KIND,39.7173,-86.294403,0.13035993740219093,53.25,0.02394366197183099,0.0006395367658228904,0.007353234673471909,17
359,KMRY,36.58700180053711,-121.84300231933594,0.1551474795184243,76.0,0.0028169014084507044,0.0006363056502556628,0.0005578289303637377,2
360,K2R2,39.74810028,-86.47380066,0.14798485886464707,95.0,0.004225352112676057,0.0006351295578311324,0.0013202002542560378,3
361,KWRI,40.01559829999999,-74.59169769,0.0014084507042253522,2.0,0.0028169014084507044,0.0006355397000222888,8.795193530269906e-39,2
362,58KY,38.12089920043945,-85.33190155029297,0.0,86.0,0.0014084507042253522,0.0005431782573185349,0.0006494264080797336,1
363,CAV9,50.13779830932617,-97.0614013671875,0.13176107741338544,0.0,0.0014084507042253522,0.0007391381025370471,0.0,1
364,NH78,42.74720001220703,-71.36920166015625,0.18835848247934617,51.0,0.011267605633802818,0.0014030601945790402,0.0004939530970356689,8
365,KRLD,46.30559921264648,-119.3040008544922,0.15710415670699568,0.0,0.0014084507042253522,0.0006861162555403561,0.0,1
366,KPIA,40.664199829100006,-89.6932983398,0.0,53.5,0.005633802816901409,0.0005431782573185349,0.0018925643794503488,4
367,VTBD,13.912599563599999,100.607002258,0.0,0.0,0.0014084507042253522,0.0005431782573185349,3.1484074943524945e-06,1
368,ESSA,59.651901245116996,17.918600082397,0.15501350069327882,12.666666666666666,0.016901408450704227,0.003452145454942086,0.00019617768013023383,12
369,3WA2,47.49150085449219,-118.2509994506836,0.15710415670699568,0.0,0.0014084507042253522,0.0006861162555403561,0.0,1
370,9IN9,40.07780075073242,-87.51529693603516,0.0,86.0,0.0014084507042253522,0.0005431782573185349,0.0006494264080797336,1
371,CYWG,49.909999847399995,-97.2398986816,0.16215504408565212,17.5,0.009859154929577466,0.0012983719949265192,0.0003252120802014119,7
372,CFQ7,53.2817001343,-113.455001831,0.0,13.0,0.0028169014084507044,0.0005431782573185349,0.0002942769755519982,2
373,75TE,31.74740028381348,-97.24610137939452,0.16838869035106158,0.0,0.0014084507042253522,0.0006587184391782462,0.0,1
374,VOBL,13.1979,77.706299,0.14360594753885284,0.0,0.0028169014084507044,0.0011217367101434572,0.0,2
375,EFOU,64.930099487305,25.354600906372,0.1241394424639121,12.0,0.0028169014084507044,0.0010018173393682272,1.2516233618908593e-05,2
376,KILN,39.427898407,-83.79209899899999,0.0,47.0,0.007042253521126761,0.0005431782573185349,0.0018479407650419648,5
377,LIEE,39.251499,9.05428,0.12345641939671038,10.0,0.0028169014084507044,0.001099193464921508,1.1993585043802283e-05,2
378,LIRF,41.8002778,12.2388889,0.16348418379127222,8.6,0.028169014084507043,0.0065293114450171085,0.00032915491405969226,20
379,ENVA,63.45780179999999,10.9239998,0.09452640010680194,4.333333333333333,0.008450704225352114,0.002692727520131262,3.397783351887108e-06,6
380,ENBO,67.26920318603516,14.365300178527832,0.11595971175892564,5.5,0.005633802816901409,0.0020607925765076915,3.042375281980652e-06,4
381,RJOS,34.132801,134.60699499999998,0.13603065264230446,0.0,0.0014084507042253522,0.0007811419781959327,0.0,1
382,ENZV,58.876701354,5.637780189500001,0.11595971175892564,4.0,0.007042253521126761,0.0020607925765076915,3.218579424030607e-06,5
383,ESND,62.04779815673828,14.422900199890135,0.0,6.0,0.0014084507042253522,0.0005431782573185349,7.188950968693159e-06,1
384,ENUL,60.1922,5.4225,0.11595971175892564,5.5,0.005633802816901409,0.0018821324683348582,3.042375281980652e-06,4
385,KI66,39.50329971313477,-83.86280059814453,0.0,58.0,0.0014084507042253522,0.0005431782573185349,0.00047722919260500814,1
386,ENHD,59.34529876709001,5.2083601951599015,0.11588485074423299,8.0,0.0028169014084507044,0.0012996342383808546,3.033393636388846e-06,2
387,LDZA,45.74290084840001,16.0687999725,0.14810695858318226,30.0,0.004225352112676057,0.0015411345518362455,7.98151712612619e-05,3
388,1OA3,39.33340072631836,-83.85549926757812,0.0,44.0,0.007042253521126761,0.0005431782573185349,0.0023030822310137152,5
389,KTVY,40.61230087,-112.3509979,0.14534031888594043,0.0,0.0014084507042253522,0.0006313438393698762,0.0,1
390,EKCH,55.617900848389,12.656000137328999,0.1488438091233971,7.0,0.005633802816901409,0.0013927517241988895,1.0222344605082007e-05,4
391,LIMC,45.6306,8.728110000000001,0.12345641939671038,10.0,0.0028169014084507044,0.001099193464921508,1.1993585043802283e-05,2
392,VMMC,22.149599,113.592003,0.0,8.0,0.0028169014084507044,0.0005431782573185349,4.6043064961657106e-05,2
393,CYAV,50.0564,-97.032501,0.12492226716701593,0.0,0.0014084507042253522,0.0007055153725766478,0.0,1
394,LGAV,37.9364013672,23.944499969499997,0.0,0.0,0.0014084507042253522,0.0005431782573185349,8.795193530269906e-39,1
395,LGIR,35.3396987915,25.1802997589,0.0014084507042253522,0.0,0.0014084507042253522,0.0010049854708373044,0.0,1
396,3CL2,40.15639877319336,-122.302001953125,0.1605984662422936,0.0,0.0014084507042253522,0.0006972660574557791,0.0,1
397,EFTU,60.514099121094,22.262800216675,0.12466345031515057,0.0,0.0014084507042253522,0.0010018173393682272,0.0,1
398,RJBE,34.632801055908196,135.2239990234375,0.0,16.0,0.0014084507042253522,0.0005431782573185349,4.2365977465155445e-05,1
399,ENBR,60.29339981,5.218140125,0.09432771087904199,5.5,0.004225352112676057,0.0011256764872725384,3.042375281980652e-06,3
400,EDDH,53.630401611328004,9.988229751586902,0.14810695858318226,4.5,0.005633802816901409,0.001415411202330895,1.2109237962308948e-05,4
401,EGPH,55.95000076293945,-3.372499942779541,0.1540820891011304,27.0,0.0028169014084507044,0.0007930660166570213,0.0001466226830152093,2
402,LPPT,38.7813,-9.13592,0.15501350069327882,16.0,0.007042253521126761,0.0014579968255539163,0.00015296708752660904,5
403,ESSB,59.35440063476562,17.941699981689453,0.1468776859693556,0.0,0.0014084507042253522,0.0008224269980400961,0.0,1
404,KMHT,42.932598,-71.435699,0.17194026226323458,83.4,0.01267605633802817,0.0009973548485391192,0.0026918913582822893,9
405,K8A6,35.2137985229,-80.67009735110001,0.16102825696372708,0.0,0.005633802816901409,0.0011996294355641588,0.0,4
406,LSGG,46.23809814453125,6.108950138092041,0.15501350069327882,18.5,0.005633802816901409,0.0013490812242599945,0.00015861626805901158,4
407,UUWW,55.591499328599994,37.2615013123,0.1194227205337287,0.5,0.005633802816901409,0.0018050016705424624,3.6025112699985535e-35,4
408,ULLP,59.685001,30.338301,0.09709319748276896,0.0,0.0014084507042253522,0.0013117640439616936,0.0,1
409,OERK,24.957599639892567,46.69879913330078,0.0,14.75,0.005633802816901409,0.0005431782573185349,0.0002728302307477503,4
410,EBCI,50.45920200000001,4.45382,0.13516990497200068,5.0,0.0028169014084507044,0.0008750847088775091,5.073513094092948e-05,2
411,EBMB,50.913,4.49,0.1529768441155407,0.0,0.0028169014084507044,0.0007903764247575824,0.0,2
412,LIBD,41.138901,16.760599,0.12345641939671038,10.0,0.0028169014084507044,0.001099193464921508,1.1993585043802283e-05,2
413,ESGG,57.662799835205,12.279800415039,0.1468776859693556,0.0,0.0014084507042253522,0.0008224269980400961,0.0,1
414,UWLL,54.268299102799986,48.226699829100006,0.12227904210001152,9.0,0.0028169014084507044,0.0008616056167180454,6.4797771916585064e-06,2
415,KCRG,30.3362998962,-81.51439666750002,0.17126439853542508,0.0,0.0028169014084507044,0.0008043657006097787,0.0,2
416,EGGW,51.87469863891602,-0.36833301186561584,0.0,1.0,0.0028169014084507044,0.003358655685706909,8.795193530269906e-39,2
417,LMML,35.857498,14.4775,0.15264084507042253,27.0,0.005633802816901409,0.001183664871995151,0.00017638302914053258,4
418,LEBL,41.2971,2.07846,0.1569105190584064,2.0,0.004225352112676057,0.001059369990793008,1.9230276227313675e-08,3
419,LFBO,43.629101,1.36382,0.14429470508100561,0.0,0.0014084507042253522,0.0008966326107493221,0.0,1
420,MI47,42.808399,-84.190201,0.13654514073853102,0.0,0.0014084507042253522,0.0006230373440865663,0.0,1
421,EKBI,55.7402992249,9.15178012848,0.14629636006749544,24.0,0.0028169014084507044,0.0008224269980400961,9.656785787927069e-05,2
422,6FD6,28.90500068664551,-81.43309783935547,0.15988722414201775,0.0,0.0014084507042253522,0.0006566118319967568,0.0,1
423,EVRA,56.92359924316406,23.971099853515625,0.15264084507042253,27.0,0.005633802816901409,0.001183664871995151,0.00017638302914053258,4
424,USSS,56.743099212646,60.802700042725,0.12279773881383539,0.0,0.0014084507042253522,0.0008616056167180454,0.0,1
425,MI38,42.602298736572266,-84.42639923095703,0.15988722414201775,0.0,0.0014084507042253522,0.0006566118319967568,0.0,1
426,LLBG,32.011398315429695,34.88669967651367,0.0,9.666666666666666,0.004225352112676057,0.0005431782573185349,0.0001673183018608733,3
427,63OH,39.70280075073242,-83.09390258789062,0.15988722414201775,0.0,0.0014084507042253522,0.0006566118319967568,0.0,1
428,LFML,43.439271921999996,5.22142410278,0.14429470508100561,0.0,0.0014084507042253522,0.0008966326107493221,0.0,1
429,TJIG,18.45680046081543,-66.09809875488281,0.17393956763838847,46.0,0.008450704225352114,0.0010187953873945143,0.0008819184806288541,6
430,89IN,39.511172,-86.384724,0.0,4.0,0.0014084507042253522,0.0005431782573185349,1.86475607797116e-05,1
431,K27K,38.234405,-84.434702,0.15988722414201775,0.0,0.0014084507042253522,0.0006566118319967568,0.0,1
432,9IL6,40.513099670410156,-89.36730194091797,0.15988722414201775,0.0,0.0014084507042253522,0.0006566118319967568,0.0,1
433,LFFV,47.194698,2.06667,0.15468095634647647,0.0,0.0014084507042253522,0.0007930660166570213,0.0,1
434,EDDL,51.289501,6.766780000000002,0.15636379251116456,8.2,0.014084507042253521,0.003005472077177367,0.0001624531999895026,10
435,2KY8,38.10559844970703,-84.8499984741211,0.15988722414201775,0.0,0.0014084507042253522,0.0006566118319967568,0.0,1
436,AL18,33.67620086669922,-86.86750030517578,0.18270513770884414,0.0,0.005633802816901409,0.0010086654403625261,0.0,4
437,II20,40.67369842529297,-85.26329803466797,0.15988722414201775,0.0,0.0014084507042253522,0.0006566118319967568,0.0,1
438,CZBB,49.0742,-123.012001,0.15988722414201775,0.0,0.0014084507042253522,0.0006566118319967568,0.0,1
439,EGCC,53.35369873046875,-2.2749500274658203,0.1540820891011304,25.5,0.004225352112676057,0.0007930660166570213,0.00024319054089448,3
440,09MO,37.37839889526367,-93.36329650878906,0.15988722414201775,0.0,0.0014084507042253522,0.0006566118319967568,0.0,1
441,KCHO,38.13859939575195,-78.4529037475586,0.0,74.5,0.0028169014084507044,0.0005431782573185349,0.0007072645888068741,2
442,76MI,43.133302,-85.724998,0.15988722414201775,0.0,0.0014084507042253522,0.0006566118319967568,0.0,1
443,LICJ,38.175999,13.091,0.0,10.0,0.0014084507042253522,0.0005431782573185349,1.1993585043802283e-05,1
444,EFKU,63.007099151611,27.797800064087,0.1241394424639121,12.0,0.0028169014084507044,0.0010018173393682272,1.2516233618908593e-05,2
445,KORH,42.26729965209961,-71.87570190429688,0.0,51.5,0.0028169014084507044,0.0005431782573185349,0.0008688158235028632,2
446,BIKF,63.985000610352,-22.605600357055998,0.15759932730712634,51.0,0.0028169014084507044,0.0007298696192424383,0.0004939530970356689,2
447,EGKK,51.148102,-0.190278,0.11927284638060924,5.0,0.0028169014084507044,0.0009402025296551865,8.12660738925586e-06,2
448,KSBY,38.34049987792969,-75.51029968261719,0.0,99.0,0.0014084507042253522,0.0005431782573185349,0.0002915523519404091,1
449,KLCK,39.813801,-82.927803,0.16045571205007825,0.0,0.004225352112676057,0.0007619119492845263,8.714618629573107e-05,3
450,TXKF,32.363998413085945,-64.67870330810547,0.15609185548071036,30.0,0.0028169014084507044,0.0006997248496708328,0.0003318904222876357,2
451,KOGS,44.681900024399994,-75.46549987790002,0.0,50.0,0.0014084507042253522,0.0005431782573185349,0.00041571223686646497,1
452,KFAY,34.991199493408196,-78.88030242919922,0.0,106.0,0.0014084507042253522,0.0005431782573185349,0.0007100981653612549,1
453,KITH,42.49100112915039,-76.4583969116211,0.0,66.5,0.0028169014084507044,0.0005431782573185349,0.001024919207254923,2
454,KWBW,41.2971992493,-75.8511962891,0.0,43.0,0.0028169014084507044,0.0005431782573185349,0.0007187804909878585,2
455,KMSS,44.93579864501953,-74.84559631347656,0.15759932730712634,51.0,0.0028169014084507044,0.0007298696192424383,0.0004939530970356689,2
456,9NC9,36.21009826660156,-79.8949966430664,0.0,94.25,0.005633802816901409,0.0005431782573185349,0.0024898751138152826,4
457,06VA,38.249000549316406,-78.85530090332031,0.0,86.0,0.0028169014084507044,0.0005431782573185349,0.0011269659737714328,2
458,LEPA,39.551700591999996,2.73881006241,0.11128681574880156,3.0,0.0028169014084507044,0.0010178568917238262,1.932908439285859e-06,2
459,KGSP,34.895698547399995,-82.2189025879,0.0,86.0,0.0014084507042253522,0.0005431782573185349,0.0006494264080797336,1
460,KGRR,42.88079834,-85.52279663,0.0,50.333333333333336,0.008450704225352114,0.0005431782573185349,0.0026119969587713307,6
461,OE53,24.942100524902344,46.39120101928711,0.1398239163875585,0.0,0.0028169014084507044,0.0014383476958234366,0.0,2
462,LYBE,44.8184013367,20.3090991974,0.11907168605299343,0.0,0.0014084507042253522,0.0010315138502438347,0.0,1
463,KTDZ,41.56489944,-83.4822998,0.11986233469876363,0.0,0.0014084507042253522,0.000727128483643707,0.0,1
464,42VT,44.36690139770508,-73.15019989013672,0.13939202784273205,0.0,0.0014084507042253522,0.0006891613943926331,0.0,1
465,K4D0,42.77420043945313,-84.73310089111328,0.0,122.0,0.0014084507042253522,0.0005431782573185349,0.0007112537369049679,1
466,KNGU,36.937599,-76.289299,0.15143680877209564,0.0,0.0014084507042253522,0.0006644060810495074,0.0,1
467,WBSB,4.944200038909912,114.9280014038086,0.11418933448016341,13.0,0.0028169014084507044,0.0007079556148175963,4.087961039277258e-06,2
468,KDCM,34.78929901123047,-81.19580078125,0.16965477072964102,0.0,0.004225352112676057,0.0007940192516640051,0.0,3
469,IN71,41.18560028076172,-85.52159881591797,0.15988722414201775,0.0,0.0014084507042253522,0.0006566118319967568,0.0,1
470,0NC1,35.45709991455078,-82.37539672851562,0.15663667871100953,3.0,0.0028169014084507044,0.0006735916367466282,0.0003798622811158232,2
471,OMAA,24.433000564575195,54.651100158691406,0.12221575900903048,0.0,0.0014084507042253522,0.0007323971241879223,0.0,1
472,KL65,33.76089859008789,-117.21800231933594,0.17191683433936955,0.0,0.0028169014084507044,0.0008051226678201496,0.0,2
473,EDDT,52.5597,13.2877,0.1241394424639121,21.0,0.004225352112676057,0.0010018173393682272,9.23314048801705e-05,3
474,KVSF,43.34360123,-72.51730347,0.0,51.0,0.0014084507042253522,0.0005431782573185349,0.0004939530970356689,1
475,CYRO,45.460300445600005,-75.64610290530001,0.15323656711064348,0.0,0.004225352112676057,0.0011698053325926005,0.0,3
476,62IS,40.087501525878906,-87.90750122070312,0.13381221353323797,0.0,0.0014084507042253522,0.0008804917196485857,0.0,1
477,KMZJ,32.5106010437,-111.32800293,0.16128089290459738,6.0,0.005633802816901409,0.0009173243020466992,6.2688583355641e-05,4
478,63II,39.50510025024414,-86.0302963256836,0.16870343556667106,0.0,0.0014084507042253522,0.0006514923358860441,0.0,1
479,49OH,41.3667,-81.966499,0.0,122.0,0.0014084507042253522,0.0005431782573185349,0.0007112537369049679,1
480,KMLI,41.44850158691406,-90.50749969482422,0.0,81.33333333333333,0.004225352112676057,0.0005431782573185349,0.0015220043171041383,3
481,09PA,40.82699966430664,-77.98809814453125,0.0,122.0,0.0014084507042253522,0.0005431782573185349,0.0007112537369049679,1
482,LIPE,44.5354,11.2887,0.12345641939671038,10.0,0.0028169014084507044,0.001099193464921508,1.1993585043802283e-05,2
483,KSLK,44.38529968261719,-74.2061996459961,0.15759932730712634,51.0,0.0028169014084507044,0.0007298696192424383,0.0004939530970356689,2
484,03PS,40.849998,-77.905602,0.0,122.0,0.0014084507042253522,0.0005431782573185349,0.0007112537369049679,1
485,FD92,28.732799530029297,-81.07869720458984,0.17925787095962067,0.0,0.004225352112676057,0.0008230699132738006,0.0,3
486,KD39,45.70660018920898,-94.93340301513672,0.15143680877209564,0.0,0.0014084507042253522,0.0006257415526672071,0.0,1
487,7AL2,33.86482,-86.310835,0.15143680877209564,0.0,0.0014084507042253522,0.0006644060810495074,0.0,1
488,URWA,46.2832984924,48.0063018799,0.12227904210001152,9.0,0.0028169014084507044,0.0008616056167180454,6.4797771916585064e-06,2
489,FA83,28.72640037536621,-81.6509017944336,0.16838869035106158,0.0,0.0014084507042253522,0.0006587184391782462,0.0,1
490,KNYL,32.65660095,-114.6060028,0.0,99.0,0.0028169014084507044,0.0005431782573185349,0.0013115311000191292,2
491,2LL2,41.31480026245117,-90.5521011352539,0.0,106.0,0.0014084507042253522,0.0005431782573185349,0.0007100981653612549,1
492,II74,41.55979919433594,-86.0531005859375,0.13071156846946996,0.0,0.0014084507042253522,0.0006257712646079825,0.0,1
493,KUMP,39.93519974,-86.04499817,0.1693364690960019,0.0,0.005633802816901409,0.0010846119042455036,0.0,4
494,URML,42.81679916381836,47.65230178833008,0.12279773881383539,0.0,0.0014084507042253522,0.0008616056167180454,0.0,1
495,35MN,44.81549835205078,-93.01349639892578,0.19203476176206172,0.0,0.01971830985915493,0.00217726958950468,0.0,14
496,UWWW,53.504901885986,50.16429901123,0.122529442868817,2.0,0.0028169014084507044,0.0008616056167180454,1.9285015729400516e-06,2
497,MY66,46.07049942016602,-93.84719848632812,0.15143680877209564,0.0,0.0014084507042253522,0.0006257415526672071,0.0,1
498,PA33,41.9500999451,-76.48300170899999,0.15820567577242597,0.0,0.0014084507042253522,0.0006487797708940193,0.0,1
499,MA36,42.666500091552734,-70.85299682617188,0.15759932730712634,51.0,0.0028169014084507044,0.0007298696192424383,0.0004939530970356689,2
500,KHYA,41.66930008,-70.28040314,0.14629636006749544,51.0,0.0028169014084507044,0.0006533807234712737,0.0004939530970356689,2
501,MY72,46.15969848632813,-93.4613037109375,0.15143680877209564,0.0,0.0014084507042253522,0.0006257415526672071,0.0,1
502,09WI,44.00360107421875,-91.30760192871094,0.0,61.0,0.0014084507042253522,0.0005431782573185349,0.00043459598188408025,1
503,KJST,40.31610107421875,-78.83390045166016,0.15097193759698646,13.75,0.009859154929577466,0.0008804233038505136,0.0007739464451331813,7
504,WA49,47.50279998779297,-117.64800262451172,0.0,16.0,0.0028169014084507044,0.0005431782573185349,0.0005626100138319388,2
505,CT20,41.60010147094727,-72.43289947509766,0.1693364690960019,0.0,0.007042253521126761,0.0010434747613122836,0.0,5
506,RPLC,15.186,120.559998,0.0,31.0,0.0014084507042253522,0.0005431782573185349,5.4937920726007487e-05,1
507,DAAX,36.7782,2.9284,0.0,13.0,0.0014084507042253522,0.0005431782573185349,8.568323904406095e-05,1
508,KGRI,40.96749877929688,-98.30960083007812,0.0,122.0,0.0014084507042253522,0.0005431782573185349,0.0007537021696553915,1
509,KMQY,36.0089988708,-86.52010345459999,0.15696754439681568,0.0,0.0014084507042253522,0.0006735916367466282,0.0,1
510,7OH2,40.900299072265625,-81.53369903564453,0.0,77.75,0.005633802816901409,0.0005431782573185349,0.0020325590340574966,4
511,KLEB,43.626098632799994,-72.30419921880002,0.15759932730712634,51.0,0.0028169014084507044,0.0007298696192424383,0.0004939530970356689,2
512,KFMH,41.6584014893,-70.5214004517,0.15820567577242597,0.0,0.0014084507042253522,0.0007298696192424383,0.0,1
513,IN60,40.017799377441406,-86.1603012084961,0.15428433850969064,0.0,0.0028169014084507044,0.0007760106375192491,0.0,2
514,KASH,42.781700134299996,-71.51480102539998,0.16247765621632587,0.0,0.0028169014084507044,0.0008510974429734108,0.0,2
515,KAEJ,38.81420135498047,-106.12100219726562,0.15402105465557853,0.0,0.0014084507042253522,0.0006085382235331318,0.0,1
516,8FA4,29.0102045831,-81.1328315735,0.13071156846946996,0.0,0.0014084507042253522,0.0006395367658228904,0.0,1
517,UWKD,55.606201171875,49.278701782227,0.0,13.0,0.0028169014084507044,0.0005431782573185349,9.849635945221074e-05,2
518,KRDD,40.50899887,-122.2929993,0.0,45.0,0.0014084507042253522,0.0005431782573185349,0.0004480880292310513,1
519,XS63,26.228701,-97.560799,0.14258505217720224,0.0,0.0014084507042253522,0.0006322650984947352,0.0,1
520,KFLG,35.13850021,-111.6709976,0.0,66.0,0.004225352112676057,0.0005431782573185349,0.0015765613133447026,3
521,AL16,33.72679901123047,-86.72360229492188,0.15820567577242597,0.0,0.0014084507042253522,0.0006487797708940193,0.0,1
522,9XS0,29.097999572753906,-96.9552993774414,0.16838869035106158,0.0,0.0014084507042253522,0.0006587184391782462,0.0,1
523,WV65,39.44929886,-80.01139832,0.15696754439681568,0.0,0.0014084507042253522,0.0006735916367466282,0.0,1
524,KJAX,30.49410057067871,-81.68789672851562,0.0,0.0,0.0014084507042253522,0.0005431782573185349,5.488700788147465e-05,1
525,KSHD,38.2638015747,-78.8964004517,0.15696754439681568,0.0,0.0014084507042253522,0.0006735916367466282,0.0,1
526,K9G2,42.80759811401367,-83.7698974609375,0.14723709303127083,0.0,0.0014084507042253522,0.0005916283983615094,0.0,1
527,WMSA,3.130579948425293,101.54900360107422,0.13734172440919426,31.0,0.0028169014084507044,0.0007942905703139907,5.4937920726007487e-05,2
528,MRCZ,10.087599754333496,-84.16950225830078,0.15507961860510142,0.0,0.0014084507042253522,0.0006888255187500674,0.0,1
529,KBTF,40.8694000244,-111.92700195299999,0.15628803121760868,0.0,0.004225352112676057,0.0008315608239663512,0.0,3
530,K7V9,38.05279922485352,-103.23699951171876,0.11813656809969766,0.0,0.0014084507042253522,0.0008018775396664562,0.0,1
531,NC47,35.48216400000001,-77.35590400000002,0.14723709303127083,0.0,0.0014084507042253522,0.0005916283983615094,0.0,1
532,NY84,44.27920150756836,-73.37870025634766,0.14723709303127083,0.0,0.0014084507042253522,0.0005916283983615094,0.0,1
533,KSNS,36.662799835205,-121.60600280761999,0.1722449199010859,0.0,0.004225352112676057,0.0008392878743631719,0.0,3
534,7OR2,44.822898864746094,-122.68000030517578,0.1488150668230322,0.0,0.0014084507042253522,0.0006656308800836163,0.0,1
535,MY52,44.71860122680664,-93.04409790039062,0.17919302587489397,0.0,0.008450704225352114,0.0013968503380993576,0.0,6
536,RJTE,34.987099,139.828995,0.12432002483218872,0.0,0.0028169014084507044,0.0009421324366322431,0.0,2
537,TX35,33.443199157714844,-94.81410217285156,0.16838869035106158,0.0,0.0014084507042253522,0.0006587184391782462,0.0,1
538,KDMA,32.1665000916,-110.883003235,0.17564152035500677,36.0,0.005633802816901409,0.0006800161260146018,0.0009721772613875036,4
539,5MI3,43.05110168457031,-85.41999816894531,0.15143680877209564,0.0,0.0014084507042253522,0.0006257415526672071,0.0,1
540,16MI,42.889198303222656,-83.8666000366211,0.18113585651141967,122.0,0.004225352112676057,0.0007883302045821111,0.0007112537369049679,3
541,OM11,24.51889991760254,54.98009872436523,0.15080424064856976,0.0,0.0014084507042253522,0.0007820307071407071,0.0,1
542,8TS2,33.783401489257805,-98.21700286865234,0.16838869035106158,0.0,0.0014084507042253522,0.0006587184391782462,0.0,1
543,NY82,42.58060073852539,-73.61620330810547,0.15820567577242597,0.0,0.0014084507042253522,0.0007298696192424383,0.0,1
544,6NY1,42.11289978027344,-77.08940124511719,0.0,68.0,0.0014084507042253522,0.0005431782573185349,0.0005664980846006463,1
545,LEIB,38.8728981018,1.3731199502899998,0.11177255483364584,0.0,0.0014084507042253522,0.0010178568917238262,0.0,1
546,47PA,40.71670150756836,-77.98310089111328,0.0,50.0,0.0014084507042253522,0.0005431782573185349,0.00041571223686646497,1
547,KAVP,41.338500976599995,-75.72339630130001,0.0,40.333333333333336,0.004225352112676057,0.0005431782573185349,0.0013620726025829343,3
548,KL22,34.12779998779297,-116.40799713134766,0.0,58.0,0.0014084507042253522,0.0005431782573185349,0.00047722919260500814,1
549,AZ00,32.805801,-113.507004,0.15574864198130978,0.0,0.0014084507042253522,0.0006363056502556628,0.0,1
550,KFHR,48.5219993591,-123.024002075,0.15663667871100953,1.0,0.0028169014084507044,0.0006861162555403561,1.5476364749635957e-05,2
551,WN92,47.60850143432617,-117.18099975585938,0.16838869035106158,0.0,0.0014084507042253522,0.0006587184391782462,0.0,1
552,35MI,42.6338996887207,-84.98580169677734,0.15601787040305792,0.0,0.0014084507042253522,0.000640684125553554,0.0,1
553,KAPA,39.57009888,-104.848999,0.0,0.0,0.0028169014084507044,0.0005431782573185349,7.235077006243332e-05,2
554,MMTJ,32.541099548339844,-116.97000122070312,0.1486924843956656,0.0,0.0014084507042253522,0.0006583877262888638,0.0,1
555,DE14,38.74399948120117,-75.53489685058594,0.15820567577242597,0.0,0.0014084507042253522,0.0006487797708940193,0.0,1
556,43OR,44.622501373291016,-122.7519989013672,0.16002896813505144,0.0,0.0028169014084507044,0.0008085688783054376,0.0,2
557,6AK5,61.16830062866211,-150.16099548339844,0.15080424064856976,0.0,0.0014084507042253522,0.0007820307071407071,0.0,1
558,92TA,26.12120056152344,-97.4280014038086,0.16838869035106158,0.0,0.0014084507042253522,0.0006587184391782462,0.0,1
559,82OH,41.5078010559082,-83.77130126953125,0.0,0.0,0.0028169014084507044,0.0005431782573185349,3.6025112699985535e-35,2
560,1VA0,37.62929916381836,-77.74749755859375,0.0014084507042253522,0.0,0.0014084507042253522,0.0007740818640779197,0.0,1
561,EBOS,51.1988983154,2.8622200489,0.15696754439681568,0.0,0.0014084507042253522,0.0006490577441722722,0.0,1
562,UUYY,61.64699935913086,50.84510040283203,0.09665736699215527,2.0,0.0028169014084507044,0.0013117640439616936,1.2245121583348828e-08,2
563,KX39,28.2213001251,-82.37449646,0.16074147467171684,0.0,0.004225352112676057,0.0008564187622363794,0.0,3
564,53TX,29.216100692749023,-98.54949951171876,0.12614442771232567,0.0,0.0014084507042253522,0.0005745973806967711,0.0,1
565,KTPF,27.915599822998,-82.44930267334,0.15507961860510142,0.0,0.0014084507042253522,0.0006888255187500674,0.0,1
566,60CL,38.598801,-121.560997,0.15574864198130978,0.0,0.0014084507042253522,0.0006363056502556628,0.0,1
567,73MU,38.88560104370117,-91.96910095214844,0.17610992785984197,0.0,0.0014084507042253522,0.0006800161260146018,0.0,1
568,KPGV,35.6352005,-77.38529968,0.0,99.0,0.0014084507042253522,0.0005431782573185349,0.0002915523519404091,1
569,IA02,42.262001037597656,-90.5801010131836,0.17610992785984197,0.0,0.0014084507042253522,0.0006800161260146018,0.0,1
570,1AR8,35.325699,-94.186798,0.16870343556667106,0.0,0.0014084507042253522,0.0006514923358860441,0.0,1
571,58II,39.52090072631836,-85.9000015258789,0.16870343556667106,0.0,0.0014084507042253522,0.0006514923358860441,0.0,1
572,0IN2,40.82780075073242,-85.08609771728516,0.14723709303127083,0.0,0.0014084507042253522,0.0005916283983615094,0.0,1
573,0II6,41.64310073852539,-85.82969665527344,0.14723709303127083,0.0,0.0014084507042253522,0.0005916283983615094,0.0,1
574,KTEB,40.85010147089999,-74.060798645,0.15696754439681568,0.0,0.0014084507042253522,0.0006735916367466282,0.0,1
575,KNUN,30.46969985961914,-87.33809661865234,0.14146761446421477,0.0,0.0014084507042253522,0.0006342914473578201,0.0,1
576,KEFD,29.6072998047,-95.15879821780001,0.0,3.0,0.0014084507042253522,0.0005431782573185349,4.398209567473251e-05,1
577,34MI,43.10029983520508,-86.22339630126953,0.0,122.0,0.0014084507042253522,0.0005431782573185349,0.0007112537369049679,1
578,KSQL,37.511901855469,-122.25,0.0,0.0,0.0014084507042253522,0.0005431782573185349,1.3743855156051812e-05,1
579,KIZA,34.60680008,-120.0759964,0.16135336463223787,0.0,0.0028169014084507044,0.0011590732709745484,0.0,2
580,FL97,28.76029968261719,-81.60590362548828,0.15601787040305792,0.0,0.0014084507042253522,0.000640684125553554,0.0,1
581,KMMK,41.50870132446289,-72.82949829101562,0.14723709303127083,0.0,0.0014084507042253522,0.0005916283983615094,0.0,1
582,01SC,35.032100677490234,-81.25279998779297,0.13302334270916583,0.0,0.0014084507042253522,0.0007165248900532358,0.0,1
583,KGOP,31.421301,-97.796996,0.16838869035106158,0.0,0.0014084507042253522,0.0006587184391782462,0.0,1
584,CKJ7,49.71670150756836,-97.68329620361328,0.13176107741338544,0.0,0.0014084507042253522,0.0007391381025370471,0.0,1
585,4AZ0,32.298999786376946,-111.31700134277344,0.14157856945595138,0.0,0.0014084507042253522,0.0006321144198581736,0.0,1
586,KDBQ,42.40200043,-90.70950317,0.0,122.0,0.0014084507042253522,0.0005431782573185349,0.0007112537369049679,1
587,II38,41.42639923095703,-86.31639862060547,0.16838869035106158,0.0,0.0014084507042253522,0.0006587184391782462,0.0,1
588,KPMP,26.247100830078,-80.11109924316399,0.17077831225765186,0.0,0.0028169014084507044,0.0008028675710312634,0.0,2
589,82PA,40.39670181274414,-80.3052978515625,0.15212341847696348,29.5,0.004225352112676057,0.0006535580147541677,0.0005353988597155176,3
590,3FD6,28.76420021057129,-80.85389709472656,0.1173684499716112,0.0,0.0014084507042253522,0.0008210260811758706,0.0,1
591,XS89,29.6210994720459,-98.45580291748048,0.16204010417983664,0.0,0.005633802816901409,0.000926113069002146,0.0,4
592,27CL,38.74710083007813,-121.572998046875,0.0,32.333333333333336,0.004225352112676057,0.0005431782573185349,0.0010523204421910538,3
593,K11V,40.3305015564,-104.60900116,0.15402105465557853,0.0,0.0028169014084507044,0.0006085382235331318,8.795193530269906e-39,2
594,KSPA,34.915699005127,-81.956497192383,0.15143680877209564,0.0,0.0014084507042253522,0.0006644060810495074,0.0,1
595,VT26,44.634498596191406,-73.30680084228516,0.0,83.0,0.0014084507042253522,0.0005431782573185349,0.0006092069703884581,1
596,19PA,41.117000579833984,-76.52079772949219,0.15820567577242597,0.0,0.0014084507042253522,0.0006487797708940193,0.0,1
597,KDCU,34.6526985168,-86.94539642330002,0.16870343556667106,0.0,0.0014084507042253522,0.0006514923358860441,0.0,1
598,EFMA,60.122200012207,19.898199081421,0.1241394424639121,12.0,0.0028169014084507044,0.0010018173393682272,1.2516233618908593e-05,2
599,PA76,41.137001037597656,-75.86109924316406,0.181419774930993,0.0,0.005633802816901409,0.0009563855147206887,0.0,4
600,13NC,35.025006,-77.255945,0.14723709303127083,0.0,0.0014084507042253522,0.0005916283983615094,0.0,1
601,1MI8,44.84669876098633,-83.63690185546875,0.15601787040305792,0.0,0.0014084507042253522,0.000640684125553554,0.0,1
602,EICK,51.84130096435547,-8.491109848022461,0.15468095634647647,0.0,0.0014084507042253522,0.0007930660166570213,0.0,1
603,KTMB,25.6479,-80.4328,0.0,0.0,0.0014084507042253522,0.0005431782573185349,8.795193530269906e-39,1
604,OA14,40.422222,-81.318056,0.0014084507042253522,0.0,0.0014084507042253522,0.0010049854708373044,0.0,1
605,NC03,35.90850067138672,-79.98729705810547,0.1762819102112676,0.0,0.0028169014084507044,0.0007878190985876446,0.0,2
606,44IS,39.74480056762695,-91.07489776611328,0.15148154751292564,47.0,0.0028169014084507044,0.0006358670504142958,0.0004716623101570074,2
607,60IN,40.945899963378906,-85.37000274658203,0.17610992785984197,0.0,0.0014084507042253522,0.0006800161260146018,0.0,1
608,25SC,34.960556,-82.339444,0.0,106.0,0.0014084507042253522,0.0005431782573185349,0.0007100981653612549,1
609,KDTS,30.40010071,-86.47149658,0.14723709303127083,0.0,0.0014084507042253522,0.0005916283983615094,0.0,1
610,61XS,29.32439994812012,-96.0207977294922,0.15696754439681568,0.0,0.0014084507042253522,0.0006490577441722722,0.0,1
611,PN06,41.90420200000001,-80.1026,0.14723709303127083,0.0,0.0014084507042253522,0.0005916283983615094,0.0,1
612,KMWC,43.110401,-88.034401,0.14292373401135236,0.0,0.0014084507042253522,0.0006225091446247483,0.0,1
613,PS67,40.106201171875,-80.43090057373047,0.15574864198130978,0.0,0.0014084507042253522,0.0006363056502556628,0.0,1
614,KMIT,35.507401,-119.192002,0.0,64.0,0.0014084507042253522,0.0005431782573185349,0.0005245339426732165,1
615,NK43,42.758399963378906,-73.92459869384766,0.0,29.0,0.0028169014084507044,0.0005431782573185349,0.0006710990693593638,2
616,KPAE,47.90629959,-122.2819977,0.16950484778358538,75.0,0.005633802816901409,0.0007646031471810092,0.0010450332332452763,4
617,KTSO,40.56190109,-81.07749939,0.14723709303127083,0.0,0.0014084507042253522,0.0005916283983615094,0.0,1
618,FD83,28.25860023498535,-81.38400268554688,0.0,122.0,0.0014084507042253522,0.0005431782573185349,0.0007537021696553915,1
619,KFXE,26.1972999573,-80.1707000732,0.17356988082340194,0.0,0.007042253521126761,0.0010452647788632692,0.0,5
620,II87,39.45140075683594,-86.32830047607422,0.0,106.0,0.0014084507042253522,0.0005431782573185349,0.0007100981653612549,1
621,55GE,34.98059844970703,-84.7416000366211,0.14723709303127083,0.0,0.0014084507042253522,0.0005916283983615094,0.0,1
622,75DC,47.1416015625,-117.23600006103516,0.14157856945595138,0.0,0.0014084507042253522,0.0006321144198581736,0.0,1
623,71MI,42.0843851004,-83.51701498030002,0.17191683433936955,0.0,0.009859154929577466,0.0015342865304902166,0.0,7
624,4FL9,28.143400192260746,-81.64700317382812,0.1701344731916475,0.0,0.0028169014084507044,0.0007498316292175313,0.0,2
625,6PA3,41.15010070800781,-76.89969635009766,0.0,83.0,0.0014084507042253522,0.0005431782573185349,0.0006092069703884581,1
626,MT54,48.24390029907226,-114.24400329589844,0.15710415670699568,0.0,0.0014084507042253522,0.0006861162555403561,0.0,1
627,KEWB,41.67610168457031,-70.95690155029297,0.0014084507042253522,51.0,0.0028169014084507044,0.0010049854708373044,0.0004939530970356689,2
628,KSDL,33.622898101806996,-111.91100311279,0.14872049196587978,47.0,0.004225352112676057,0.0011274380936023857,0.00046967835476269634,3
629,38MI,42.46689987182617,-85.97920227050781,0.1488150668230322,0.0,0.0014084507042253522,0.0006457423420571505,0.0,1
630,9NC6,34.27489852905273,-78.16079711914062,0.14723709303127083,0.0,0.0014084507042253522,0.0005916283983615094,0.0,1
631,KISP,40.79520035,-73.10019684,0.1508450704225352,50.0,0.0028169014084507044,0.0006644060810495074,0.000492337859841409,2
632,35OR,44.19260025024414,-121.1790008544922,0.15710415670699568,0.0,0.0014084507042253522,0.0006861162555403561,0.0,1
633,7WA7,46.320701599100005,-119.61799621600001,0.15710415670699568,0.0,0.0014084507042253522,0.0006861162555403561,0.0,1
634,07IN,39.57369995117188,-85.91390228271484,0.16917776575101973,0.0,0.0028169014084507044,0.0007435269903135263,0.0,2
635,43TS,32.566200256347656,-95.46829986572266,0.16838869035106158,0.0,0.0014084507042253522,0.0006587184391782462,0.0,1
636,0OH9,40.0717,-83.229897,0.0,0.0,0.0014084507042253522,0.0005431782573185349,8.795193530269906e-39,1
637,77OH,39.36280059814453,-84.34130096435547,0.0014084507042253522,0.0,0.0014084507042253522,0.0010049854708373044,0.0,1
638,II97,39.47779846191406,-85.88330078125,0.14723709303127083,0.0,0.0014084507042253522,0.0005916283983615094,0.0,1
639,KYIP,42.23789978,-83.53040314,0.0,1.0,0.0014084507042253522,0.0005431782573185349,4.751661363866046e-05,1
640,KRAC,42.7606010437,-87.8152008057,0.18261824467934365,0.0,0.005633802816901409,0.0012501374181008804,2.4283605004249072e-05,4
641,NY34,42.162200927734375,-77.42749786376953,0.15601787040305792,0.0,0.0014084507042253522,0.000640684125553554,0.0,1
642,MO04,39.71670150756836,-91.8501968383789,0.15207470602892842,0.0,0.0014084507042253522,0.0006358670504142958,0.0,1
643,KGYY,41.61629867553711,-87.41280364990234,0.16247765621632587,0.0,0.0028169014084507044,0.0008231320488418961,0.0,2
644,VT14,44.04510116577149,-73.1895980834961,0.15042723004694836,0.0,0.0014084507042253522,0.0006377819035347592,0.0,1
645,KSPG,27.7651,-82.626999,0.17457705614732885,0.0,0.009859154929577466,0.0011917553603795438,0.0,7
646,KHND,35.9728012085,-115.134002686,0.0,1.0,0.0014084507042253522,0.0005431782573185349,8.795193530269906e-39,1
647,KAPC,38.2132,-122.280998,0.0014084507042253522,64.0,0.0028169014084507044,0.0010049854708373044,0.0005245339426732165,2
648,9WI4,42.978599548339844,-88.13480377197266,0.14675827321653498,0.0,0.0014084507042253522,0.0006533807234712737,0.0,1
649,CO56,39.9640998840332,-104.46299743652344,0.11856468661741842,0.0,0.0014084507042253522,0.0010605768220143773,0.0,1
650,KIWA,33.30780029,-111.6549988,0.0,0.0,0.0014084507042253522,0.0005431782573185349,4.274522810805151e-05,1
651,MA55,41.33480072021485,-70.29949951171875,0.15820567577242597,0.0,0.0014084507042253522,0.0007298696192424383,0.0,1
652,K3GM,43.03400039672852,-86.19819641113281,0.17610992785984197,0.0,0.0014084507042253522,0.0006800161260146018,0.0,1
653,KCRQ,33.12829971,-117.2799988,0.15258890621837531,1.0,0.0028169014084507044,0.0006535580147541677,2.138722566299047e-05,2
654,IS16,37.46670150756836,-89.22840118408203,0.17610992785984197,0.0,0.0014084507042253522,0.0006800161260146018,0.0,1
655,75XS,29.249399185180664,-98.4760971069336,0.0,0.0,0.0014084507042253522,0.0005431782573185349,0.00011146147172698389,1
656,LL40,41.477501,-87.8405,0.14258505217720224,0.0,0.0014084507042253522,0.0006322650984947352,0.0,1
657,KPGD,26.92020035,-81.99050140000001,0.0,0.0,0.0028169014084507044,0.0005431782573185349,2.3454925778260892e-05,2
658,KC15,40.48820114135742,-89.6759033203125,0.0014084507042253522,0.0,0.0014084507042253522,0.0007740818640779197,0.0,1
659,49FD,30.611944,-84.641667,0.16838869035106158,0.0,0.0014084507042253522,0.0006587184391782462,0.0,1
660,KPVU,40.219200134277,-111.72299957275,0.0014084507042253522,0.0,0.0014084507042253522,0.0007740818640779197,0.0,1
661,KLUK,39.10329819,-84.41860199,0.0014084507042253522,0.0,0.0014084507042253522,0.0006586300606982273,0.0,1
662,69MI,42.821389,-84.278888,0.15601787040305792,0.0,0.0014084507042253522,0.000640684125553554,0.0,1
663,KBJC,39.90879822,-105.11699679999998,0.0,1.0,0.0014084507042253522,0.0005431782573185349,1.0263651045671045e-05,1
664,MN45,44.56610107421875,-93.1322021484375,0.16031321141770694,0.0,0.0028169014084507044,0.0007410923985997542,0.0,2
665,21XS,29.51969909667969,-95.27519989013672,0.1488150668230322,0.0,0.0014084507042253522,0.0006457423420571505,0.0,1
666,KPWK,42.114222,-87.901494,0.0,1.0,0.0014084507042253522,0.0005431782573185349,6.854693172905641e-05,1
667,4IA8,41.64720153808594,-91.95960235595705,0.15402105465557853,0.0,0.0014084507042253522,0.0006085382235331318,0.0,1
668,9LL0,39.81999969482422,-91.22100067138672,0.0,47.0,0.0014084507042253522,0.0005431782573185349,0.0004716623101570074,1
669,TX05,30.26049995,-97.62529755,0.17208072074007438,0.0,0.004225352112676057,0.0008299381091089366,0.0,3
670,KFAF,37.1324996948,-76.60880279540002,0.14723709303127083,0.0,0.0014084507042253522,0.0005916283983615094,0.0,1
671,K08K,40.65140151977539,-98.07980346679688,0.16838869035106158,0.0,0.0014084507042253522,0.0006587184391782462,0.0,1
672,9CA0,35.11389923095703,-118.5979995727539,0.15904200533598065,0.0,0.0028169014084507044,0.0007016656164702597,0.0,2
673,KSTP,44.93450164794922,-93.05999755859376,0.13176107741338544,0.0,0.0014084507042253522,0.0007391381025370471,0.0,1
674,KMKG,43.169498,-86.238197,0.0,122.0,0.0014084507042253522,0.0005431782573185349,0.0007112537369049679,1
675,KHAO,39.3638000488,-84.5220031738,0.0,0.0,0.0014084507042253522,0.0005431782573185349,8.795193530269906e-39,1
676,KBED,42.47000122,-71.28900146,0.0014084507042253522,0.0,0.0014084507042253522,0.0010049854708373044,0.0,1
677,01FA,28.589399337768555,-81.14420318603516,0.16917776575101973,0.0,0.0028169014084507044,0.00078702521142485,0.0,2
678,KDUH,41.73590087890625,-83.65540313720703,0.17610992785984197,0.0,0.0014084507042253522,0.0006800161260146018,0.0,1
679,KPTK,42.665500640869006,-83.420097351074,0.0,42.0,0.0014084507042253522,0.0005431782573185349,0.00047316077675653244,1
680,MO74,38.92229843139648,-92.16960144042969,0.0,122.0,0.0014084507042253522,0.0005431782573185349,0.0007112537369049679,1
681,3CA9,36.36330032348633,-121.30999755859376,0.15574864198130978,0.0,0.0014084507042253522,0.0006363056502556628,0.0,1
682,21OG,44.771806,-122.969444,0.1488150668230322,0.0,0.0014084507042253522,0.0006656308800836163,0.0,1
683,KTTD,45.54940032959001,-122.40100097656,0.1701344731916475,0.0,0.0028169014084507044,0.0007646031471810092,0.0,2
684,MA72,41.29750061035156,-70.26039886474611,0.0,1.0,0.0014084507042253522,0.0005431782573185349,8.795193530269906e-39,1
685,78VA,38.24639892578125,-78.47530364990234,0.15696754439681568,0.0,0.0014084507042253522,0.0006735916367466282,0.0,1
686,11NY,42.20899963378906,-76.44969940185547,0.15696754439681568,0.0,0.0014084507042253522,0.0006735916367466282,0.0,1
687,6FD7,27.5442008972168,-82.53009796142578,0.16870343556667106,0.0,0.0014084507042253522,0.0006514923358860441,0.0,1
688,MY35,44.93349838256836,-92.81770324707031,0.14091543798308978,0.0,0.0014084507042253522,0.0006325990157445863,0.0,1
689,KW32,38.74829864501953,-76.93280029296875,0.15143680877209564,0.0,0.0014084507042253522,0.0006257415526672071,0.0,1
690,VT25,44.41669845581055,-73.16619873046875,0.0,45.0,0.0014084507042253522,0.0005431782573185349,0.0004268555252752329,1
691,VT12,44.29119873046875,-73.283203125,0.15696754439681568,0.0,0.0014084507042253522,0.0006735916367466282,0.0,1
692,KNTD,34.120300293,-119.12100219700001,0.0014084507042253522,1.0,0.0028169014084507044,0.003358655685706909,8.795193530269906e-39,2
693,KNSI,33.23979949951172,-119.45800018310548,0.0014084507042253522,1.0,0.0028169014084507044,0.003358655685706909,8.795193530269906e-39,2
694,KAXH,29.50609970092773,-95.47689819335938,0.15402105465557853,0.0,0.0014084507042253522,0.0006085382235331318,0.0,1
695,KIDL,33.485699,-90.678902,0.16870343556667106,0.0,0.0014084507042253522,0.0006514923358860441,0.0,1
696,11IN,39.81890106201172,-86.53810119628906,0.15402105465557853,0.0,0.0014084507042253522,0.0006085382235331318,0.0,1
697,56WI,44.773399353027344,-89.59369659423828,0.17610992785984197,0.0,0.0014084507042253522,0.0006800161260146018,0.0,1
698,32NC,34.89640045166016,-79.04309844970703,0.16870343556667106,0.0,0.0014084507042253522,0.0006514923358860441,0.0,1
699,81IL,40.433943,-89.356585,0.16870343556667106,0.0,0.0014084507042253522,0.0006514923358860441,0.0,1
700,KOAJ,34.8292007446,-77.61209869380002,0.16870343556667106,0.0,0.0014084507042253522,0.0006514923358860441,0.0,1
701,0PA6,40.63090133666992,-77.85030364990234,0.15696754439681568,0.0,0.0014084507042253522,0.0006735916367466282,0.0,1
702,KIAG,43.1072998046875,-78.94619750976562,0.0014084507042253522,0.0,0.0014084507042253522,0.0007740818640779197,0.0,1
703,NV55,38.89889907836914,-119.64900207519531,0.16667837124315607,0.0,0.0014084507042253522,0.0006992431809664124,0.0,1
704,RJOY,34.596298217773445,135.60299682617188,0.13603065264230446,0.0,0.0014084507042253522,0.0007811419781959327,0.0,1
705,2MD0,38.04869842529297,-75.70349884033203,0.14723709303127083,0.0,0.0014084507042253522,0.0005916283983615094,0.0,1
706,K34R,29.38999938964844,-96.9561004638672,0.16838869035106158,0.0,0.0014084507042253522,0.0006587184391782462,0.0,1
707,6MI6,41.85279846191406,-86.43609619140625,0.17610992785984197,0.0,0.0014084507042253522,0.0006800161260146018,0.0,1
708,PN47,40.20830154418945,-79.05580139160156,0.13888487774389258,0.0,0.0014084507042253522,0.002233539627712797,0.0,1
709,KCMA,34.213699340820305,-119.09400177001952,0.12614442771232567,0.0,0.0014084507042253522,0.0005745973806967711,0.0,1
710,RCQC,23.568700790405273,119.62799835205078,0.0014084507042253522,0.0,0.0014084507042253522,0.0007740818640779197,0.0,1
